ORDER_NUMBER,PRODUCT_LINE,MSRP,PRODUCT_CODE
10107,Motorcycles,95,S10_1678
10121,Motorcycles,95,S10_1678
10134,Motorcycles,95,S10_1678
10145,Motorcycles,95,S10_1678
10159,Motorcycles,95,S10_1678
10168,Motorcycles,95,S10_1678
10180,Motorcycles,95,S10_1678
10188,Motorcycles,95,S10_1678
10201,Motorcycles,95,S10_1678
10211,Motorcycles,95,S10_1678
10223,Motorcycles,95,S10_1678
10237,Motorcycles,95,S10_1678
10251,Motorcycles,95,S10_1678
10263,Motorcycles,95,S10_1678
10275,Motorcycles,95,S10_1678
10285,Motorcycles,95,S10_1678
10299,Motorcycles,95,S10_1678
10309,Motorcycles,95,S10_1678
10318,Motorcycles,95,S10_1678
10329,Motorcycles,95,S10_1678
10341,Motorcycles,95,S10_1678
10361,Motorcycles,95,S10_1678
10375,Motorcycles,95,S10_1678
10388,Motorcycles,95,S10_1678
10403,Motorcycles,95,S10_1678
10417,Motorcycles,95,S10_1678
10103,Classic Cars,214,S10_1949
10112,Classic Cars,214,S10_1949
10126,Classic Cars,214,S10_1949
10140,Classic Cars,214,S10_1949
10150,Classic Cars,214,S10_1949
10163,Classic Cars,214,S10_1949
10174,Classic Cars,214,S10_1949
10183,Classic Cars,214,S10_1949
10194,Classic Cars,214,S10_1949
10206,Classic Cars,214,S10_1949
10215,Classic Cars,214,S10_1949
10228,Classic Cars,214,S10_1949
10245,Classic Cars,214,S10_1949
10258,Classic Cars,214,S10_1949
10270,Classic Cars,214,S10_1949
10280,Classic Cars,214,S10_1949
10291,Classic Cars,214,S10_1949
10304,Classic Cars,214,S10_1949
10312,Classic Cars,214,S10_1949
10322,Classic Cars,214,S10_1949
10333,Classic Cars,214,S10_1949
10347,Classic Cars,214,S10_1949
10357,Classic Cars,214,S10_1949
10369,Classic Cars,214,S10_1949
10381,Classic Cars,214,S10_1949
10391,Classic Cars,214,S10_1949
10411,Classic Cars,214,S10_1949
10424,Classic Cars,214,S10_1949
10107,Motorcycles,118,S10_2016
10120,Motorcycles,118,S10_2016
10134,Motorcycles,118,S10_2016
10145,Motorcycles,118,S10_2016
10159,Motorcycles,118,S10_2016
10168,Motorcycles,118,S10_2016
10180,Motorcycles,118,S10_2016
10188,Motorcycles,118,S10_2016
10201,Motorcycles,118,S10_2016
10210,Motorcycles,118,S10_2016
10223,Motorcycles,118,S10_2016
10236,Motorcycles,118,S10_2016
10251,Motorcycles,118,S10_2016
10263,Motorcycles,118,S10_2016
10275,Motorcycles,118,S10_2016
10285,Motorcycles,118,S10_2016
10298,Motorcycles,118,S10_2016
10308,Motorcycles,118,S10_2016
10318,Motorcycles,118,S10_2016
10329,Motorcycles,118,S10_2016
10339,Motorcycles,118,S10_2016
10361,Motorcycles,118,S10_2016
10374,Motorcycles,118,S10_2016
10388,Motorcycles,118,S10_2016
10402,Motorcycles,118,S10_2016
10417,Motorcycles,118,S10_2016
10107,Motorcycles,193,S10_4698
10120,Motorcycles,193,S10_4698
10134,Motorcycles,193,S10_4698
10145,Motorcycles,193,S10_4698
10159,Motorcycles,193,S10_4698
10168,Motorcycles,193,S10_4698
10180,Motorcycles,193,S10_4698
10188,Motorcycles,193,S10_4698
10201,Motorcycles,193,S10_4698
10210,Motorcycles,193,S10_4698
10223,Motorcycles,193,S10_4698
10237,Motorcycles,193,S10_4698
10251,Motorcycles,193,S10_4698
10263,Motorcycles,193,S10_4698
10275,Motorcycles,193,S10_4698
10285,Motorcycles,193,S10_4698
10299,Motorcycles,193,S10_4698
10308,Motorcycles,193,S10_4698
10318,Motorcycles,193,S10_4698
10329,Motorcycles,193,S10_4698
10339,Motorcycles,193,S10_4698
10362,Motorcycles,193,S10_4698
10374,Motorcycles,193,S10_4698
10388,Motorcycles,193,S10_4698
10403,Motorcycles,193,S10_4698
10417,Motorcycles,193,S10_4698
10105,Classic Cars,136,S10_4757
10119,Classic Cars,136,S10_4757
10129,Classic Cars,136,S10_4757
10143,Classic Cars,136,S10_4757
10155,Classic Cars,136,S10_4757
10167,Classic Cars,136,S10_4757
10178,Classic Cars,136,S10_4757
10186,Classic Cars,136,S10_4757
10197,Classic Cars,136,S10_4757
10209,Classic Cars,136,S10_4757
10222,Classic Cars,136,S10_4757
10248,Classic Cars,136,S10_4757
10261,Classic Cars,136,S10_4757
10273,Classic Cars,136,S10_4757
10283,Classic Cars,136,S10_4757
10295,Classic Cars,136,S10_4757
10307,Classic Cars,136,S10_4757
10316,Classic Cars,136,S10_4757
10325,Classic Cars,136,S10_4757
10337,Classic Cars,136,S10_4757
10350,Classic Cars,136,S10_4757
10359,Classic Cars,136,S10_4757
10373,Classic Cars,136,S10_4757
10384,Classic Cars,136,S10_4757
10395,Classic Cars,136,S10_4757
10400,Classic Cars,136,S10_4757
10414,Classic Cars,136,S10_4757
10103,Classic Cars,147,S10_4962
10114,Classic Cars,147,S10_4962
10126,Classic Cars,147,S10_4962
10140,Classic Cars,147,S10_4962
10150,Classic Cars,147,S10_4962
10164,Classic Cars,147,S10_4962
10175,Classic Cars,147,S10_4962
10183,Classic Cars,147,S10_4962
10194,Classic Cars,147,S10_4962
10207,Classic Cars,147,S10_4962
10217,Classic Cars,147,S10_4962
10229,Classic Cars,147,S10_4962
10245,Classic Cars,147,S10_4962
10259,Classic Cars,147,S10_4962
10270,Classic Cars,147,S10_4962
10281,Classic Cars,147,S10_4962
10291,Classic Cars,147,S10_4962
10305,Classic Cars,147,S10_4962
10313,Classic Cars,147,S10_4962
10322,Classic Cars,147,S10_4962
10334,Classic Cars,147,S10_4962
10347,Classic Cars,147,S10_4962
10357,Classic Cars,147,S10_4962
10370,Classic Cars,147,S10_4962
10381,Classic Cars,147,S10_4962
10391,Classic Cars,147,S10_4962
10411,Classic Cars,147,S10_4962
10425,Classic Cars,147,S10_4962
10108,Classic Cars,194,S12_1099
10122,Classic Cars,194,S12_1099
10135,Classic Cars,194,S12_1099
10147,Classic Cars,194,S12_1099
10159,Classic Cars,194,S12_1099
10169,Classic Cars,194,S12_1099
10181,Classic Cars,194,S12_1099
10191,Classic Cars,194,S12_1099
10203,Classic Cars,194,S12_1099
10211,Classic Cars,194,S12_1099
10225,Classic Cars,194,S12_1099
10238,Classic Cars,194,S12_1099
10253,Classic Cars,194,S12_1099
10266,Classic Cars,194,S12_1099
10276,Classic Cars,194,S12_1099
10287,Classic Cars,194,S12_1099
10300,Classic Cars,194,S12_1099
10310,Classic Cars,194,S12_1099
10320,Classic Cars,194,S12_1099
10329,Classic Cars,194,S12_1099
10341,Classic Cars,194,S12_1099
10363,Classic Cars,194,S12_1099
10375,Classic Cars,194,S12_1099
10389,Classic Cars,194,S12_1099
10419,Classic Cars,194,S12_1099
10105,Classic Cars,207,S12_1108
10117,Classic Cars,207,S12_1108
10127,Classic Cars,207,S12_1108
10142,Classic Cars,207,S12_1108
10153,Classic Cars,207,S12_1108
10165,Classic Cars,207,S12_1108
10176,Classic Cars,207,S12_1108
10185,Classic Cars,207,S12_1108
10196,Classic Cars,207,S12_1108
10208,Classic Cars,207,S12_1108
10220,Classic Cars,207,S12_1108
10231,Classic Cars,207,S12_1108
10247,Classic Cars,207,S12_1108
10272,Classic Cars,207,S12_1108
10282,Classic Cars,207,S12_1108
10293,Classic Cars,207,S12_1108
10306,Classic Cars,207,S12_1108
10314,Classic Cars,207,S12_1108
10325,Classic Cars,207,S12_1108
10336,Classic Cars,207,S12_1108
10348,Classic Cars,207,S12_1108
10359,Classic Cars,207,S12_1108
10371,Classic Cars,207,S12_1108
10382,Classic Cars,207,S12_1108
10395,Classic Cars,207,S12_1108
10413,Classic Cars,207,S12_1108
10103,Trucks and Buses,136,S12_1666
10113,Trucks and Buses,136,S12_1666
10126,Trucks and Buses,136,S12_1666
10140,Trucks and Buses,136,S12_1666
10150,Trucks and Buses,136,S12_1666
10164,Trucks and Buses,136,S12_1666
10174,Trucks and Buses,136,S12_1666
10183,Trucks and Buses,136,S12_1666
10194,Trucks and Buses,136,S12_1666
10206,Trucks and Buses,136,S12_1666
10216,Trucks and Buses,136,S12_1666
10229,Trucks and Buses,136,S12_1666
10245,Trucks and Buses,136,S12_1666
10258,Trucks and Buses,136,S12_1666
10270,Trucks and Buses,136,S12_1666
10281,Trucks and Buses,136,S12_1666
10291,Trucks and Buses,136,S12_1666
10304,Trucks and Buses,136,S12_1666
10313,Trucks and Buses,136,S12_1666
10322,Trucks and Buses,136,S12_1666
10333,Trucks and Buses,136,S12_1666
10347,Trucks and Buses,136,S12_1666
10357,Trucks and Buses,136,S12_1666
10370,Trucks and Buses,136,S12_1666
10381,Trucks and Buses,136,S12_1666
10391,Trucks and Buses,136,S12_1666
10411,Trucks and Buses,136,S12_1666
10424,Trucks and Buses,136,S12_1666
10107,Motorcycles,150,S12_2823
10121,Motorcycles,150,S12_2823
10134,Motorcycles,150,S12_2823
10145,Motorcycles,150,S12_2823
10159,Motorcycles,150,S12_2823
10169,Motorcycles,150,S12_2823
10180,Motorcycles,150,S12_2823
10189,Motorcycles,150,S12_2823
10201,Motorcycles,150,S12_2823
10211,Motorcycles,150,S12_2823
10224,Motorcycles,150,S12_2823
10237,Motorcycles,150,S12_2823
10251,Motorcycles,150,S12_2823
10263,Motorcycles,150,S12_2823
10276,Motorcycles,150,S12_2823
10285,Motorcycles,150,S12_2823
10299,Motorcycles,150,S12_2823
10309,Motorcycles,150,S12_2823
10319,Motorcycles,150,S12_2823
10329,Motorcycles,150,S12_2823
10341,Motorcycles,150,S12_2823
10362,Motorcycles,150,S12_2823
10375,Motorcycles,150,S12_2823
10388,Motorcycles,150,S12_2823
10403,Motorcycles,150,S12_2823
10417,Motorcycles,150,S12_2823
10104,Classic Cars,151,S12_3148
10117,Classic Cars,151,S12_3148
10127,Classic Cars,151,S12_3148
10142,Classic Cars,151,S12_3148
10153,Classic Cars,151,S12_3148
10165,Classic Cars,151,S12_3148
10176,Classic Cars,151,S12_3148
10185,Classic Cars,151,S12_3148
10196,Classic Cars,151,S12_3148
10208,Classic Cars,151,S12_3148
10220,Classic Cars,151,S12_3148
10230,Classic Cars,151,S12_3148
10247,Classic Cars,151,S12_3148
10272,Classic Cars,151,S12_3148
10282,Classic Cars,151,S12_3148
10293,Classic Cars,151,S12_3148
10306,Classic Cars,151,S12_3148
10314,Classic Cars,151,S12_3148
10324,Classic Cars,151,S12_3148
10336,Classic Cars,151,S12_3148
10348,Classic Cars,151,S12_3148
10358,Classic Cars,151,S12_3148
10372,Classic Cars,151,S12_3148
10382,Classic Cars,151,S12_3148
10413,Classic Cars,151,S12_3148
10108,Classic Cars,117,S12_3380
10122,Classic Cars,117,S12_3380
10135,Classic Cars,117,S12_3380
10147,Classic Cars,117,S12_3380
10160,Classic Cars,117,S12_3380
10170,Classic Cars,117,S12_3380
10181,Classic Cars,117,S12_3380
10191,Classic Cars,117,S12_3380
10203,Classic Cars,117,S12_3380
10212,Classic Cars,117,S12_3380
10225,Classic Cars,117,S12_3380
10238,Classic Cars,117,S12_3380
10253,Classic Cars,117,S12_3380
10266,Classic Cars,117,S12_3380
10276,Classic Cars,117,S12_3380
10287,Classic Cars,117,S12_3380
10300,Classic Cars,117,S12_3380
10310,Classic Cars,117,S12_3380
10320,Classic Cars,117,S12_3380
10329,Classic Cars,117,S12_3380
10341,Classic Cars,117,S12_3380
10363,Classic Cars,117,S12_3380
10376,Classic Cars,117,S12_3380
10389,Classic Cars,117,S12_3380
10419,Classic Cars,117,S12_3380
10105,Classic Cars,173,S12_3891
10117,Classic Cars,173,S12_3891
10127,Classic Cars,173,S12_3891
10142,Classic Cars,173,S12_3891
10153,Classic Cars,173,S12_3891
10165,Classic Cars,173,S12_3891
10176,Classic Cars,173,S12_3891
10185,Classic Cars,173,S12_3891
10196,Classic Cars,173,S12_3891
10208,Classic Cars,173,S12_3891
10220,Classic Cars,173,S12_3891
10231,Classic Cars,173,S12_3891
10247,Classic Cars,173,S12_3891
10272,Classic Cars,173,S12_3891
10282,Classic Cars,173,S12_3891
10293,Classic Cars,173,S12_3891
10306,Classic Cars,173,S12_3891
10314,Classic Cars,173,S12_3891
10325,Classic Cars,173,S12_3891
10336,Classic Cars,173,S12_3891
10349,Classic Cars,173,S12_3891
10359,Classic Cars,173,S12_3891
10372,Classic Cars,173,S12_3891
10382,Classic Cars,173,S12_3891
10396,Classic Cars,173,S12_3891
10413,Classic Cars,173,S12_3891
10108,Classic Cars,79,S12_3990
10122,Classic Cars,79,S12_3990
10135,Classic Cars,79,S12_3990
10147,Classic Cars,79,S12_3990
10159,Classic Cars,79,S12_3990
10169,Classic Cars,79,S12_3990
10181,Classic Cars,79,S12_3990
10191,Classic Cars,79,S12_3990
10203,Classic Cars,79,S12_3990
10211,Classic Cars,79,S12_3990
10225,Classic Cars,79,S12_3990
10238,Classic Cars,79,S12_3990
10253,Classic Cars,79,S12_3990
10266,Classic Cars,79,S12_3990
10276,Classic Cars,79,S12_3990
10287,Classic Cars,79,S12_3990
10300,Classic Cars,79,S12_3990
10310,Classic Cars,79,S12_3990
10320,Classic Cars,79,S12_3990
10329,Classic Cars,79,S12_3990
10341,Classic Cars,79,S12_3990
10363,Classic Cars,79,S12_3990
10377,Classic Cars,79,S12_3990
10389,Classic Cars,79,S12_3990
10419,Classic Cars,79,S12_3990
10104,Trucks and Buses,118,S12_4473
10115,Trucks and Buses,118,S12_4473
10127,Trucks and Buses,118,S12_4473
10141,Trucks and Buses,118,S12_4473
10151,Trucks and Buses,118,S12_4473
10165,Trucks and Buses,118,S12_4473
10175,Trucks and Buses,118,S12_4473
10184,Trucks and Buses,118,S12_4473
10195,Trucks and Buses,118,S12_4473
10207,Trucks and Buses,118,S12_4473
10219,Trucks and Buses,118,S12_4473
10229,Trucks and Buses,118,S12_4473
10246,Trucks and Buses,118,S12_4473
10259,Trucks and Buses,118,S12_4473
10271,Trucks and Buses,118,S12_4473
10281,Trucks and Buses,118,S12_4473
10292,Trucks and Buses,118,S12_4473
10305,Trucks and Buses,118,S12_4473
10314,Trucks and Buses,118,S12_4473
10324,Trucks and Buses,118,S12_4473
10336,Trucks and Buses,118,S12_4473
10349,Trucks and Buses,118,S12_4473
10358,Trucks and Buses,118,S12_4473
10371,Trucks and Buses,118,S12_4473
10382,Trucks and Buses,118,S12_4473
10412,Trucks and Buses,118,S12_4473
10425,Trucks and Buses,118,S12_4473
10108,Classic Cars,115,S12_4675
10122,Classic Cars,115,S12_4675
10135,Classic Cars,115,S12_4675
10147,Classic Cars,115,S12_4675
10160,Classic Cars,115,S12_4675
10170,Classic Cars,115,S12_4675
10181,Classic Cars,115,S12_4675
10192,Classic Cars,115,S12_4675
10203,Classic Cars,115,S12_4675
10212,Classic Cars,115,S12_4675
10225,Classic Cars,115,S12_4675
10239,Classic Cars,115,S12_4675
10253,Classic Cars,115,S12_4675
10266,Classic Cars,115,S12_4675
10277,Classic Cars,115,S12_4675
10287,Classic Cars,115,S12_4675
10300,Classic Cars,115,S12_4675
10310,Classic Cars,115,S12_4675
10321,Classic Cars,115,S12_4675
10329,Classic Cars,115,S12_4675
10341,Classic Cars,115,S12_4675
10363,Classic Cars,115,S12_4675
10377,Classic Cars,115,S12_4675
10389,Classic Cars,115,S12_4675
10405,Classic Cars,115,S12_4675
10419,Classic Cars,115,S12_4675
10103,Trucks and Buses,116,S18_1097
10113,Trucks and Buses,116,S18_1097
10126,Trucks and Buses,116,S18_1097
10140,Trucks and Buses,116,S18_1097
10150,Trucks and Buses,116,S18_1097
10164,Trucks and Buses,116,S18_1097
10174,Trucks and Buses,116,S18_1097
10183,Trucks and Buses,116,S18_1097
10194,Trucks and Buses,116,S18_1097
10206,Trucks and Buses,116,S18_1097
10215,Trucks and Buses,116,S18_1097
10228,Trucks and Buses,116,S18_1097
10245,Trucks and Buses,116,S18_1097
10258,Trucks and Buses,116,S18_1097
10270,Trucks and Buses,116,S18_1097
10280,Trucks and Buses,116,S18_1097
10291,Trucks and Buses,116,S18_1097
10304,Trucks and Buses,116,S18_1097
10312,Trucks and Buses,116,S18_1097
10322,Trucks and Buses,116,S18_1097
10333,Trucks and Buses,116,S18_1097
10347,Trucks and Buses,116,S18_1097
10357,Trucks and Buses,116,S18_1097
10370,Trucks and Buses,116,S18_1097
10381,Trucks and Buses,116,S18_1097
10391,Trucks and Buses,116,S18_1097
10411,Trucks and Buses,116,S18_1097
10424,Trucks and Buses,116,S18_1097
10109,Classic Cars,141,S18_1129
10122,Classic Cars,141,S18_1129
10136,Classic Cars,141,S18_1129
10148,Classic Cars,141,S18_1129
10161,Classic Cars,141,S18_1129
10171,Classic Cars,141,S18_1129
10181,Classic Cars,141,S18_1129
10192,Classic Cars,141,S18_1129
10204,Classic Cars,141,S18_1129
10212,Classic Cars,141,S18_1129
10225,Classic Cars,141,S18_1129
10240,Classic Cars,141,S18_1129
10253,Classic Cars,141,S18_1129
10266,Classic Cars,141,S18_1129
10278,Classic Cars,141,S18_1129
10287,Classic Cars,141,S18_1129
10301,Classic Cars,141,S18_1129
10310,Classic Cars,141,S18_1129
10321,Classic Cars,141,S18_1129
10331,Classic Cars,141,S18_1129
10342,Classic Cars,141,S18_1129
10356,Classic Cars,141,S18_1129
10365,Classic Cars,141,S18_1129
10377,Classic Cars,141,S18_1129
10390,Classic Cars,141,S18_1129
10406,Classic Cars,141,S18_1129
10419,Classic Cars,141,S18_1129
10102,Vintage Cars,102,S18_1342
10111,Vintage Cars,102,S18_1342
10125,Vintage Cars,102,S18_1342
10139,Vintage Cars,102,S18_1342
10149,Vintage Cars,102,S18_1342
10162,Vintage Cars,102,S18_1342
10173,Vintage Cars,102,S18_1342
10182,Vintage Cars,102,S18_1342
10193,Vintage Cars,102,S18_1342
10205,Vintage Cars,102,S18_1342
10215,Vintage Cars,102,S18_1342
10227,Vintage Cars,102,S18_1342
10244,Vintage Cars,102,S18_1342
10256,Vintage Cars,102,S18_1342
10280,Vintage Cars,102,S18_1342
10289,Vintage Cars,102,S18_1342
10304,Vintage Cars,102,S18_1342
10312,Vintage Cars,102,S18_1342
10322,Vintage Cars,102,S18_1342
10332,Vintage Cars,102,S18_1342
10346,Vintage Cars,102,S18_1342
10356,Vintage Cars,102,S18_1342
10369,Vintage Cars,102,S18_1342
10380,Vintage Cars,102,S18_1342
10391,Vintage Cars,102,S18_1342
10422,Vintage Cars,102,S18_1342
10102,Vintage Cars,53,S18_1367
10111,Vintage Cars,53,S18_1367
10126,Vintage Cars,53,S18_1367
10139,Vintage Cars,53,S18_1367
10149,Vintage Cars,53,S18_1367
10162,Vintage Cars,53,S18_1367
10173,Vintage Cars,53,S18_1367
10182,Vintage Cars,53,S18_1367
10193,Vintage Cars,53,S18_1367
10205,Vintage Cars,53,S18_1367
10215,Vintage Cars,53,S18_1367
10227,Vintage Cars,53,S18_1367
10244,Vintage Cars,53,S18_1367
10256,Vintage Cars,53,S18_1367
10280,Vintage Cars,53,S18_1367
10289,Vintage Cars,53,S18_1367
10304,Vintage Cars,53,S18_1367
10312,Vintage Cars,53,S18_1367
10322,Vintage Cars,53,S18_1367
10332,Vintage Cars,53,S18_1367
10347,Vintage Cars,53,S18_1367
10356,Vintage Cars,53,S18_1367
10369,Vintage Cars,53,S18_1367
10381,Vintage Cars,53,S18_1367
10391,Vintage Cars,53,S18_1367
10422,Vintage Cars,53,S18_1367
10110,Classic Cars,124,S18_1589
10123,Classic Cars,124,S18_1589
10137,Classic Cars,124,S18_1589
10148,Classic Cars,124,S18_1589
10161,Classic Cars,124,S18_1589
10172,Classic Cars,124,S18_1589
10181,Classic Cars,124,S18_1589
10192,Classic Cars,124,S18_1589
10204,Classic Cars,124,S18_1589
10212,Classic Cars,124,S18_1589
10226,Classic Cars,124,S18_1589
10241,Classic Cars,124,S18_1589
10253,Classic Cars,124,S18_1589
10266,Classic Cars,124,S18_1589
10278,Classic Cars,124,S18_1589
10288,Classic Cars,124,S18_1589
10301,Classic Cars,124,S18_1589
10311,Classic Cars,124,S18_1589
10321,Classic Cars,124,S18_1589
10331,Classic Cars,124,S18_1589
10343,Classic Cars,124,S18_1589
10367,Classic Cars,124,S18_1589
10378,Classic Cars,124,S18_1589
10407,Classic Cars,124,S18_1589
10419,Classic Cars,124,S18_1589
10106,Planes,157,S18_1662
10119,Planes,157,S18_1662
10131,Planes,157,S18_1662
10143,Planes,157,S18_1662
10155,Planes,157,S18_1662
10167,Planes,157,S18_1662
10178,Planes,157,S18_1662
10186,Planes,157,S18_1662
10198,Planes,157,S18_1662
10210,Planes,157,S18_1662
10222,Planes,157,S18_1662
10250,Planes,157,S18_1662
10262,Planes,157,S18_1662
10274,Planes,157,S18_1662
10284,Planes,157,S18_1662
10296,Planes,157,S18_1662
10307,Planes,157,S18_1662
10316,Planes,157,S18_1662
10327,Planes,157,S18_1662
10338,Planes,157,S18_1662
10351,Planes,157,S18_1662
10373,Planes,157,S18_1662
10386,Planes,157,S18_1662
10398,Planes,157,S18_1662
10400,Planes,157,S18_1662
10416,Planes,157,S18_1662
10100,Vintage Cars,170,S18_1749
10110,Vintage Cars,170,S18_1749
10124,Vintage Cars,170,S18_1749
10149,Vintage Cars,170,S18_1749
10162,Vintage Cars,170,S18_1749
10173,Vintage Cars,170,S18_1749
10182,Vintage Cars,170,S18_1749
10193,Vintage Cars,170,S18_1749
10204,Vintage Cars,170,S18_1749
10214,Vintage Cars,170,S18_1749
10227,Vintage Cars,170,S18_1749
10241,Vintage Cars,170,S18_1749
10280,Vintage Cars,170,S18_1749
10288,Vintage Cars,170,S18_1749
10302,Vintage Cars,170,S18_1749
10312,Vintage Cars,170,S18_1749
10331,Vintage Cars,170,S18_1749
10344,Vintage Cars,170,S18_1749
10367,Vintage Cars,170,S18_1749
10379,Vintage Cars,170,S18_1749
10407,Vintage Cars,170,S18_1749
10420,Vintage Cars,170,S18_1749
10108,Classic Cars,77,S18_1889
10122,Classic Cars,77,S18_1889
10135,Classic Cars,77,S18_1889
10147,Classic Cars,77,S18_1889
10160,Classic Cars,77,S18_1889
10170,Classic Cars,77,S18_1889
10181,Classic Cars,77,S18_1889
10192,Classic Cars,77,S18_1889
10203,Classic Cars,77,S18_1889
10212,Classic Cars,77,S18_1889
10225,Classic Cars,77,S18_1889
10239,Classic Cars,77,S18_1889
10253,Classic Cars,77,S18_1889
10266,Classic Cars,77,S18_1889
10278,Classic Cars,77,S18_1889
10287,Classic Cars,77,S18_1889
10300,Classic Cars,77,S18_1889
10310,Classic Cars,77,S18_1889
10321,Classic Cars,77,S18_1889
10329,Classic Cars,77,S18_1889
10342,Classic Cars,77,S18_1889
10363,Classic Cars,77,S18_1889
10377,Classic Cars,77,S18_1889
10389,Classic Cars,77,S18_1889
10405,Classic Cars,77,S18_1889
10419,Classic Cars,77,S18_1889
10109,Classic Cars,142,S18_1984
10122,Classic Cars,142,S18_1984
10136,Classic Cars,142,S18_1984
10148,Classic Cars,142,S18_1984
10161,Classic Cars,142,S18_1984
10171,Classic Cars,142,S18_1984
10181,Classic Cars,142,S18_1984
10192,Classic Cars,142,S18_1984
10204,Classic Cars,142,S18_1984
10212,Classic Cars,142,S18_1984
10226,Classic Cars,142,S18_1984
10240,Classic Cars,142,S18_1984
10253,Classic Cars,142,S18_1984
10266,Classic Cars,142,S18_1984
10278,Classic Cars,142,S18_1984
10287,Classic Cars,142,S18_1984
10301,Classic Cars,142,S18_1984
10310,Classic Cars,142,S18_1984
10321,Classic Cars,142,S18_1984
10331,Classic Cars,142,S18_1984
10342,Classic Cars,142,S18_1984
10356,Classic Cars,142,S18_1984
10366,Classic Cars,142,S18_1984
10377,Classic Cars,142,S18_1984
10390,Classic Cars,142,S18_1984
10406,Classic Cars,142,S18_1984
10419,Classic Cars,142,S18_1984
10104,Classic Cars,163,S18_2238
10115,Classic Cars,163,S18_2238
10127,Classic Cars,163,S18_2238
10141,Classic Cars,163,S18_2238
10151,Classic Cars,163,S18_2238
10165,Classic Cars,163,S18_2238
10176,Classic Cars,163,S18_2238
10184,Classic Cars,163,S18_2238
10195,Classic Cars,163,S18_2238
10207,Classic Cars,163,S18_2238
10219,Classic Cars,163,S18_2238
10230,Classic Cars,163,S18_2238
10246,Classic Cars,163,S18_2238
10259,Classic Cars,163,S18_2238
10271,Classic Cars,163,S18_2238
10282,Classic Cars,163,S18_2238
10292,Classic Cars,163,S18_2238
10305,Classic Cars,163,S18_2238
10314,Classic Cars,163,S18_2238
10324,Classic Cars,163,S18_2238
10336,Classic Cars,163,S18_2238
10349,Classic Cars,163,S18_2238
10358,Classic Cars,163,S18_2238
10371,Classic Cars,163,S18_2238
10382,Classic Cars,163,S18_2238
10412,Classic Cars,163,S18_2238
10425,Classic Cars,163,S18_2238
10100,Vintage Cars,60,S18_2248
10110,Vintage Cars,60,S18_2248
10124,Vintage Cars,60,S18_2248
10149,Vintage Cars,60,S18_2248
10162,Vintage Cars,60,S18_2248
10173,Vintage Cars,60,S18_2248
10182,Vintage Cars,60,S18_2248
10193,Vintage Cars,60,S18_2248
10204,Vintage Cars,60,S18_2248
10214,Vintage Cars,60,S18_2248
10227,Vintage Cars,60,S18_2248
10241,Vintage Cars,60,S18_2248
10280,Vintage Cars,60,S18_2248
10288,Vintage Cars,60,S18_2248
10303,Vintage Cars,60,S18_2248
10312,Vintage Cars,60,S18_2248
10332,Vintage Cars,60,S18_2248
10344,Vintage Cars,60,S18_2248
10367,Vintage Cars,60,S18_2248
10379,Vintage Cars,60,S18_2248
10407,Vintage Cars,60,S18_2248
10420,Vintage Cars,60,S18_2248
10104,Trucks and Buses,122,S18_2319
10114,Trucks and Buses,122,S18_2319
10127,Trucks and Buses,122,S18_2319
10141,Trucks and Buses,122,S18_2319
10151,Trucks and Buses,122,S18_2319
10165,Trucks and Buses,122,S18_2319
10175,Trucks and Buses,122,S18_2319
10184,Trucks and Buses,122,S18_2319
10195,Trucks and Buses,122,S18_2319
10207,Trucks and Buses,122,S18_2319
10229,Trucks and Buses,122,S18_2319
10246,Trucks and Buses,122,S18_2319
10259,Trucks and Buses,122,S18_2319
10271,Trucks and Buses,122,S18_2319
10281,Trucks and Buses,122,S18_2319
10292,Trucks and Buses,122,S18_2319
10305,Trucks and Buses,122,S18_2319
10313,Trucks and Buses,122,S18_2319
10324,Trucks and Buses,122,S18_2319
10334,Trucks and Buses,122,S18_2319
10349,Trucks and Buses,122,S18_2319
10358,Trucks and Buses,122,S18_2319
10370,Trucks and Buses,122,S18_2319
10383,Trucks and Buses,122,S18_2319
10412,Trucks and Buses,122,S18_2319
10425,Trucks and Buses,122,S18_2319
10101,Vintage Cars,127,S18_2325
10110,Vintage Cars,127,S18_2325
10124,Vintage Cars,127,S18_2325
10149,Vintage Cars,127,S18_2325
10162,Vintage Cars,127,S18_2325
10173,Vintage Cars,127,S18_2325
10182,Vintage Cars,127,S18_2325
10193,Vintage Cars,127,S18_2325
10204,Vintage Cars,127,S18_2325
10214,Vintage Cars,127,S18_2325
10227,Vintage Cars,127,S18_2325
10243,Vintage Cars,127,S18_2325
10280,Vintage Cars,127,S18_2325
10288,Vintage Cars,127,S18_2325
10304,Vintage Cars,127,S18_2325
10312,Vintage Cars,127,S18_2325
10322,Vintage Cars,127,S18_2325
10332,Vintage Cars,127,S18_2325
10344,Vintage Cars,127,S18_2325
10356,Vintage Cars,127,S18_2325
10367,Vintage Cars,127,S18_2325
10380,Vintage Cars,127,S18_2325
10390,Vintage Cars,127,S18_2325
10409,Vintage Cars,127,S18_2325
10420,Vintage Cars,127,S18_2325
10103,Trucks and Buses,60,S18_2432
10114,Trucks and Buses,60,S18_2432
10126,Trucks and Buses,60,S18_2432
10140,Trucks and Buses,60,S18_2432
10151,Trucks and Buses,60,S18_2432
10165,Trucks and Buses,60,S18_2432
10175,Trucks and Buses,60,S18_2432
10184,Trucks and Buses,60,S18_2432
10194,Trucks and Buses,60,S18_2432
10207,Trucks and Buses,60,S18_2432
10217,Trucks and Buses,60,S18_2432
10229,Trucks and Buses,60,S18_2432
10246,Trucks and Buses,60,S18_2432
10259,Trucks and Buses,60,S18_2432
10271,Trucks and Buses,60,S18_2432
10281,Trucks and Buses,60,S18_2432
10291,Trucks and Buses,60,S18_2432
10305,Trucks and Buses,60,S18_2432
10313,Trucks and Buses,60,S18_2432
10322,Trucks and Buses,60,S18_2432
10334,Trucks and Buses,60,S18_2432
10347,Trucks and Buses,60,S18_2432
10357,Trucks and Buses,60,S18_2432
10370,Trucks and Buses,60,S18_2432
10381,Trucks and Buses,60,S18_2432
10391,Trucks and Buses,60,S18_2432
10412,Trucks and Buses,60,S18_2432
10425,Trucks and Buses,60,S18_2432
10106,Planes,84,S18_2581
10120,Planes,84,S18_2581
10133,Planes,84,S18_2581
10145,Planes,84,S18_2581
10168,Planes,84,S18_2581
10210,Planes,84,S18_2581
10223,Planes,84,S18_2581
10235,Planes,84,S18_2581
10250,Planes,84,S18_2581
10263,Planes,84,S18_2581
10275,Planes,84,S18_2581
10284,Planes,84,S18_2581
10297,Planes,84,S18_2581
10308,Planes,84,S18_2581
10318,Planes,84,S18_2581
10327,Planes,84,S18_2581
10339,Planes,84,S18_2581
10353,Planes,84,S18_2581
10374,Planes,84,S18_2581
10386,Planes,84,S18_2581
10398,Planes,84,S18_2581
10401,Planes,84,S18_2581
10416,Planes,84,S18_2581
10107,Motorcycles,60,S18_2625
10120,Motorcycles,60,S18_2625
10134,Motorcycles,60,S18_2625
10145,Motorcycles,60,S18_2625
10159,Motorcycles,60,S18_2625
10168,Motorcycles,60,S18_2625
10180,Motorcycles,60,S18_2625
10188,Motorcycles,60,S18_2625
10201,Motorcycles,60,S18_2625
10210,Motorcycles,60,S18_2625
10223,Motorcycles,60,S18_2625
10236,Motorcycles,60,S18_2625
10251,Motorcycles,60,S18_2625
10263,Motorcycles,60,S18_2625
10275,Motorcycles,60,S18_2625
10285,Motorcycles,60,S18_2625
10298,Motorcycles,60,S18_2625
10308,Motorcycles,60,S18_2625
10318,Motorcycles,60,S18_2625
10329,Motorcycles,60,S18_2625
10339,Motorcycles,60,S18_2625
10362,Motorcycles,60,S18_2625
10374,Motorcycles,60,S18_2625
10389,Motorcycles,60,S18_2625
10402,Motorcycles,60,S18_2625
10417,Motorcycles,60,S18_2625
10101,Vintage Cars,168,S18_2795
10110,Vintage Cars,168,S18_2795
10125,Vintage Cars,168,S18_2795
10139,Vintage Cars,168,S18_2795
10149,Vintage Cars,168,S18_2795
10162,Vintage Cars,168,S18_2795
10173,Vintage Cars,168,S18_2795
10182,Vintage Cars,168,S18_2795
10193,Vintage Cars,168,S18_2795
10205,Vintage Cars,168,S18_2795
10214,Vintage Cars,168,S18_2795
10227,Vintage Cars,168,S18_2795
10244,Vintage Cars,168,S18_2795
10255,Vintage Cars,168,S18_2795
10280,Vintage Cars,168,S18_2795
10289,Vintage Cars,168,S18_2795
10304,Vintage Cars,168,S18_2795
10312,Vintage Cars,168,S18_2795
10322,Vintage Cars,168,S18_2795
10332,Vintage Cars,168,S18_2795
10347,Vintage Cars,168,S18_2795
10356,Vintage Cars,168,S18_2795
10367,Vintage Cars,168,S18_2795
10380,Vintage Cars,168,S18_2795
10390,Vintage Cars,168,S18_2795
10421,Vintage Cars,168,S18_2795
10109,Classic Cars,132,S18_2870
10123,Classic Cars,132,S18_2870
10137,Classic Cars,132,S18_2870
10148,Classic Cars,132,S18_2870
10161,Classic Cars,132,S18_2870
10172,Classic Cars,132,S18_2870
10181,Classic Cars,132,S18_2870
10192,Classic Cars,132,S18_2870
10204,Classic Cars,132,S18_2870
10212,Classic Cars,132,S18_2870
10226,Classic Cars,132,S18_2870
10241,Classic Cars,132,S18_2870
10253,Classic Cars,132,S18_2870
10266,Classic Cars,132,S18_2870
10278,Classic Cars,132,S18_2870
10287,Classic Cars,132,S18_2870
10301,Classic Cars,132,S18_2870
10311,Classic Cars,132,S18_2870
10321,Classic Cars,132,S18_2870
10331,Classic Cars,132,S18_2870
10343,Classic Cars,132,S18_2870
10366,Classic Cars,132,S18_2870
10379,Classic Cars,132,S18_2870
10407,Classic Cars,132,S18_2870
10419,Classic Cars,132,S18_2870
10103,Vintage Cars,101,S18_2949
10112,Vintage Cars,101,S18_2949
10126,Vintage Cars,101,S18_2949
10139,Vintage Cars,101,S18_2949
10150,Vintage Cars,101,S18_2949
10163,Vintage Cars,101,S18_2949
10174,Vintage Cars,101,S18_2949
10183,Vintage Cars,101,S18_2949
10193,Vintage Cars,101,S18_2949
10206,Vintage Cars,101,S18_2949
10215,Vintage Cars,101,S18_2949
10228,Vintage Cars,101,S18_2949
10244,Vintage Cars,101,S18_2949
10257,Vintage Cars,101,S18_2949
10270,Vintage Cars,101,S18_2949
10280,Vintage Cars,101,S18_2949
10291,Vintage Cars,101,S18_2949
10304,Vintage Cars,101,S18_2949
10312,Vintage Cars,101,S18_2949
10322,Vintage Cars,101,S18_2949
10333,Vintage Cars,101,S18_2949
10347,Vintage Cars,101,S18_2949
10357,Vintage Cars,101,S18_2949
10369,Vintage Cars,101,S18_2949
10381,Vintage Cars,101,S18_2949
10391,Vintage Cars,101,S18_2949
10423,Vintage Cars,101,S18_2949
10103,Vintage Cars,62,S18_2957
10111,Vintage Cars,62,S18_2957
10126,Vintage Cars,62,S18_2957
10139,Vintage Cars,62,S18_2957
10150,Vintage Cars,62,S18_2957
10163,Vintage Cars,62,S18_2957
10173,Vintage Cars,62,S18_2957
10183,Vintage Cars,62,S18_2957
10193,Vintage Cars,62,S18_2957
10206,Vintage Cars,62,S18_2957
10215,Vintage Cars,62,S18_2957
10228,Vintage Cars,62,S18_2957
10244,Vintage Cars,62,S18_2957
10257,Vintage Cars,62,S18_2957
10269,Vintage Cars,62,S18_2957
10280,Vintage Cars,62,S18_2957
10291,Vintage Cars,62,S18_2957
10304,Vintage Cars,62,S18_2957
10312,Vintage Cars,62,S18_2957
10322,Vintage Cars,62,S18_2957
10332,Vintage Cars,62,S18_2957
10347,Vintage Cars,62,S18_2957
10357,Vintage Cars,62,S18_2957
10369,Vintage Cars,62,S18_2957
10381,Vintage Cars,62,S18_2957
10392,Vintage Cars,62,S18_2957
10423,Vintage Cars,62,S18_2957
10106,Ships,86,S18_3029
10119,Ships,86,S18_3029
10130,Ships,86,S18_3029
10143,Ships,86,S18_3029
10155,Ships,86,S18_3029
10167,Ships,86,S18_3029
10178,Ships,86,S18_3029
10186,Ships,86,S18_3029
10197,Ships,86,S18_3029
10209,Ships,86,S18_3029
10222,Ships,86,S18_3029
10248,Ships,86,S18_3029
10262,Ships,86,S18_3029
10273,Ships,86,S18_3029
10283,Ships,86,S18_3029
10296,Ships,86,S18_3029
10307,Ships,86,S18_3029
10316,Ships,86,S18_3029
10327,Ships,86,S18_3029
10338,Ships,86,S18_3029
10350,Ships,86,S18_3029
10373,Ships,86,S18_3029
10386,Ships,86,S18_3029
10398,Ships,86,S18_3029
10400,Ships,86,S18_3029
10414,Ships,86,S18_3029
10103,Vintage Cars,104,S18_3136
10111,Vintage Cars,104,S18_3136
10126,Vintage Cars,104,S18_3136
10139,Vintage Cars,104,S18_3136
10150,Vintage Cars,104,S18_3136
10163,Vintage Cars,104,S18_3136
10173,Vintage Cars,104,S18_3136
10183,Vintage Cars,104,S18_3136
10193,Vintage Cars,104,S18_3136
10206,Vintage Cars,104,S18_3136
10215,Vintage Cars,104,S18_3136
10228,Vintage Cars,104,S18_3136
10244,Vintage Cars,104,S18_3136
10257,Vintage Cars,104,S18_3136
10270,Vintage Cars,104,S18_3136
10280,Vintage Cars,104,S18_3136
10291,Vintage Cars,104,S18_3136
10304,Vintage Cars,104,S18_3136
10312,Vintage Cars,104,S18_3136
10322,Vintage Cars,104,S18_3136
10332,Vintage Cars,104,S18_3136
10347,Vintage Cars,104,S18_3136
10357,Vintage Cars,104,S18_3136
10369,Vintage Cars,104,S18_3136
10381,Vintage Cars,104,S18_3136
10392,Vintage Cars,104,S18_3136
10423,Vintage Cars,104,S18_3136
10105,Vintage Cars,136,S18_3140
10117,Vintage Cars,136,S18_3140
10128,Vintage Cars,136,S18_3140
10142,Vintage Cars,136,S18_3140
10153,Vintage Cars,136,S18_3140
10166,Vintage Cars,136,S18_3140
10177,Vintage Cars,136,S18_3140
10185,Vintage Cars,136,S18_3140
10196,Vintage Cars,136,S18_3140
10208,Vintage Cars,136,S18_3140
10221,Vintage Cars,136,S18_3140
10232,Vintage Cars,136,S18_3140
10248,Vintage Cars,136,S18_3140
10273,Vintage Cars,136,S18_3140
10282,Vintage Cars,136,S18_3140
10293,Vintage Cars,136,S18_3140
10306,Vintage Cars,136,S18_3140
10314,Vintage Cars,136,S18_3140
10325,Vintage Cars,136,S18_3140
10336,Vintage Cars,136,S18_3140
10350,Vintage Cars,136,S18_3140
10372,Vintage Cars,136,S18_3140
10383,Vintage Cars,136,S18_3140
10396,Vintage Cars,136,S18_3140
10414,Vintage Cars,136,S18_3140
10104,Classic Cars,169,S18_3232
10109,Classic Cars,169,S18_3232
10114,Classic Cars,169,S18_3232
10122,Classic Cars,169,S18_3232
10127,Classic Cars,169,S18_3232
10136,Classic Cars,169,S18_3232
10141,Classic Cars,169,S18_3232
10148,Classic Cars,169,S18_3232
10151,Classic Cars,169,S18_3232
10160,Classic Cars,169,S18_3232
10165,Classic Cars,169,S18_3232
10171,Classic Cars,169,S18_3232
10175,Classic Cars,169,S18_3232
10181,Classic Cars,169,S18_3232
10184,Classic Cars,169,S18_3232
10192,Classic Cars,169,S18_3232
10195,Classic Cars,169,S18_3232
10203,Classic Cars,169,S18_3232
10207,Classic Cars,169,S18_3232
10212,Classic Cars,169,S18_3232
10225,Classic Cars,169,S18_3232
10229,Classic Cars,169,S18_3232
10239,Classic Cars,169,S18_3232
10246,Classic Cars,169,S18_3232
10253,Classic Cars,169,S18_3232
10259,Classic Cars,169,S18_3232
10266,Classic Cars,169,S18_3232
10271,Classic Cars,169,S18_3232
10278,Classic Cars,169,S18_3232
10281,Classic Cars,169,S18_3232
10287,Classic Cars,169,S18_3232
10292,Classic Cars,169,S18_3232
10301,Classic Cars,169,S18_3232
10305,Classic Cars,169,S18_3232
10310,Classic Cars,169,S18_3232
10313,Classic Cars,169,S18_3232
10321,Classic Cars,169,S18_3232
10324,Classic Cars,169,S18_3232
10331,Classic Cars,169,S18_3232
10334,Classic Cars,169,S18_3232
10342,Classic Cars,169,S18_3232
10349,Classic Cars,169,S18_3232
10358,Classic Cars,169,S18_3232
10366,Classic Cars,169,S18_3232
10370,Classic Cars,169,S18_3232
10377,Classic Cars,169,S18_3232
10383,Classic Cars,169,S18_3232
10394,Classic Cars,169,S18_3232
10405,Classic Cars,169,S18_3232
10412,Classic Cars,169,S18_3232
10419,Classic Cars,169,S18_3232
10425,Classic Cars,169,S18_3232
10105,Trains,100,S18_3259
10117,Trains,100,S18_3259
10128,Trains,100,S18_3259
10142,Trains,100,S18_3259
10153,Trains,100,S18_3259
10165,Trains,100,S18_3259
10177,Trains,100,S18_3259
10185,Trains,100,S18_3259
10196,Trains,100,S18_3259
10208,Trains,100,S18_3259
10221,Trains,100,S18_3259
10232,Trains,100,S18_3259
10248,Trains,100,S18_3259
10273,Trains,100,S18_3259
10282,Trains,100,S18_3259
10293,Trains,100,S18_3259
10306,Trains,100,S18_3259
10314,Trains,100,S18_3259
10326,Trains,100,S18_3259
10336,Trains,100,S18_3259
10350,Trains,100,S18_3259
10372,Trains,100,S18_3259
10383,Trains,100,S18_3259
10396,Trains,100,S18_3259
10414,Trains,100,S18_3259
10108,Classic Cars,80,S18_3278
10122,Classic Cars,80,S18_3278
10135,Classic Cars,80,S18_3278
10147,Classic Cars,80,S18_3278
10159,Classic Cars,80,S18_3278
10169,Classic Cars,80,S18_3278
10181,Classic Cars,80,S18_3278
10191,Classic Cars,80,S18_3278
10203,Classic Cars,80,S18_3278
10211,Classic Cars,80,S18_3278
10225,Classic Cars,80,S18_3278
10238,Classic Cars,80,S18_3278
10252,Classic Cars,80,S18_3278
10265,Classic Cars,80,S18_3278
10276,Classic Cars,80,S18_3278
10287,Classic Cars,80,S18_3278
10300,Classic Cars,80,S18_3278
10310,Classic Cars,80,S18_3278
10319,Classic Cars,80,S18_3278
10329,Classic Cars,80,S18_3278
10342,Classic Cars,80,S18_3278
10363,Classic Cars,80,S18_3278
10378,Classic Cars,80,S18_3278
10390,Classic Cars,80,S18_3278
10103,Vintage Cars,99,S18_3320
10111,Vintage Cars,99,S18_3320
10126,Vintage Cars,99,S18_3320
10139,Vintage Cars,99,S18_3320
10149,Vintage Cars,99,S18_3320
10163,Vintage Cars,99,S18_3320
10173,Vintage Cars,99,S18_3320
10182,Vintage Cars,99,S18_3320
10193,Vintage Cars,99,S18_3320
10206,Vintage Cars,99,S18_3320
10215,Vintage Cars,99,S18_3320
10227,Vintage Cars,99,S18_3320
10244,Vintage Cars,99,S18_3320
10257,Vintage Cars,99,S18_3320
10280,Vintage Cars,99,S18_3320
10290,Vintage Cars,99,S18_3320
10304,Vintage Cars,99,S18_3320
10312,Vintage Cars,99,S18_3320
10323,Vintage Cars,99,S18_3320
10333,Vintage Cars,99,S18_3320
10347,Vintage Cars,99,S18_3320
10357,Vintage Cars,99,S18_3320
10369,Vintage Cars,99,S18_3320
10382,Vintage Cars,99,S18_3320
10392,Vintage Cars,99,S18_3320
10423,Vintage Cars,99,S18_3320
10108,Classic Cars,146,S18_3482
10122,Classic Cars,146,S18_3482
10135,Classic Cars,146,S18_3482
10147,Classic Cars,146,S18_3482
10159,Classic Cars,146,S18_3482
10169,Classic Cars,146,S18_3482
10181,Classic Cars,146,S18_3482
10191,Classic Cars,146,S18_3482
10203,Classic Cars,146,S18_3482
10211,Classic Cars,146,S18_3482
10225,Classic Cars,146,S18_3482
10238,Classic Cars,146,S18_3482
10252,Classic Cars,146,S18_3482
10265,Classic Cars,146,S18_3482
10276,Classic Cars,146,S18_3482
10287,Classic Cars,146,S18_3482
10300,Classic Cars,146,S18_3482
10310,Classic Cars,146,S18_3482
10320,Classic Cars,146,S18_3482
10330,Classic Cars,146,S18_3482
10342,Classic Cars,146,S18_3482
10355,Classic Cars,146,S18_3482
10363,Classic Cars,146,S18_3482
10378,Classic Cars,146,S18_3482
10390,Classic Cars,146,S18_3482
10109,Classic Cars,141,S18_3685
10123,Classic Cars,141,S18_3685
10137,Classic Cars,141,S18_3685
10148,Classic Cars,141,S18_3685
10161,Classic Cars,141,S18_3685
10172,Classic Cars,141,S18_3685
10181,Classic Cars,141,S18_3685
10192,Classic Cars,141,S18_3685
10204,Classic Cars,141,S18_3685
10212,Classic Cars,141,S18_3685
10226,Classic Cars,141,S18_3685
10240,Classic Cars,141,S18_3685
10253,Classic Cars,141,S18_3685
10266,Classic Cars,141,S18_3685
10278,Classic Cars,141,S18_3685
10287,Classic Cars,141,S18_3685
10301,Classic Cars,141,S18_3685
10311,Classic Cars,141,S18_3685
10321,Classic Cars,141,S18_3685
10331,Classic Cars,141,S18_3685
10343,Classic Cars,141,S18_3685
10367,Classic Cars,141,S18_3685
10379,Classic Cars,141,S18_3685
10406,Classic Cars,141,S18_3685
10419,Classic Cars,141,S18_3685
10108,Motorcycles,62,S18_3782
10122,Motorcycles,62,S18_3782
10135,Motorcycles,62,S18_3782
10146,Motorcycles,62,S18_3782
10159,Motorcycles,62,S18_3782
10169,Motorcycles,62,S18_3782
10180,Motorcycles,62,S18_3782
10191,Motorcycles,62,S18_3782
10211,Motorcycles,62,S18_3782
10224,Motorcycles,62,S18_3782
10237,Motorcycles,62,S18_3782
10252,Motorcycles,62,S18_3782
10264,Motorcycles,62,S18_3782
10276,Motorcycles,62,S18_3782
10286,Motorcycles,62,S18_3782
10299,Motorcycles,62,S18_3782
10310,Motorcycles,62,S18_3782
10319,Motorcycles,62,S18_3782
10330,Motorcycles,62,S18_3782
10342,Motorcycles,62,S18_3782
10355,Motorcycles,62,S18_3782
10363,Motorcycles,62,S18_3782
10378,Motorcycles,62,S18_3782
10390,Motorcycles,62,S18_3782
10403,Motorcycles,62,S18_3782
10106,Vintage Cars,105,S18_3856
10119,Vintage Cars,105,S18_3856
10130,Vintage Cars,105,S18_3856
10143,Vintage Cars,105,S18_3856
10155,Vintage Cars,105,S18_3856
10167,Vintage Cars,105,S18_3856
10178,Vintage Cars,105,S18_3856
10186,Vintage Cars,105,S18_3856
10197,Vintage Cars,105,S18_3856
10209,Vintage Cars,105,S18_3856
10222,Vintage Cars,105,S18_3856
10249,Vintage Cars,105,S18_3856
10262,Vintage Cars,105,S18_3856
10273,Vintage Cars,105,S18_3856
10283,Vintage Cars,105,S18_3856
10296,Vintage Cars,105,S18_3856
10307,Vintage Cars,105,S18_3856
10316,Vintage Cars,105,S18_3856
10328,Vintage Cars,105,S18_3856
10338,Vintage Cars,105,S18_3856
10351,Vintage Cars,105,S18_3856
10373,Vintage Cars,105,S18_3856
10386,Vintage Cars,105,S18_3856
10398,Vintage Cars,105,S18_3856
10400,Vintage Cars,105,S18_3856
10415,Vintage Cars,105,S18_3856
10104,Classic Cars,143,S18_4027
10117,Classic Cars,143,S18_4027
10127,Classic Cars,143,S18_4027
10142,Classic Cars,143,S18_4027
10152,Classic Cars,143,S18_4027
10165,Classic Cars,143,S18_4027
10176,Classic Cars,143,S18_4027
10185,Classic Cars,143,S18_4027
10196,Classic Cars,143,S18_4027
10207,Classic Cars,143,S18_4027
10220,Classic Cars,143,S18_4027
10230,Classic Cars,143,S18_4027
10247,Classic Cars,143,S18_4027
10272,Classic Cars,143,S18_4027
10282,Classic Cars,143,S18_4027
10292,Classic Cars,143,S18_4027
10306,Classic Cars,143,S18_4027
10314,Classic Cars,143,S18_4027
10324,Classic Cars,143,S18_4027
10337,Classic Cars,143,S18_4027
10349,Classic Cars,143,S18_4027
10358,Classic Cars,143,S18_4027
10372,Classic Cars,143,S18_4027
10383,Classic Cars,143,S18_4027
10394,Classic Cars,143,S18_4027
10413,Classic Cars,143,S18_4027
10100,Vintage Cars,92,S18_4409
10110,Vintage Cars,92,S18_4409
10124,Vintage Cars,92,S18_4409
10148,Vintage Cars,92,S18_4409
10162,Vintage Cars,92,S18_4409
10173,Vintage Cars,92,S18_4409
10182,Vintage Cars,92,S18_4409
10193,Vintage Cars,92,S18_4409
10204,Vintage Cars,92,S18_4409
10213,Vintage Cars,92,S18_4409
10227,Vintage Cars,92,S18_4409
10241,Vintage Cars,92,S18_4409
10280,Vintage Cars,92,S18_4409
10288,Vintage Cars,92,S18_4409
10302,Vintage Cars,92,S18_4409
10311,Vintage Cars,92,S18_4409
10332,Vintage Cars,92,S18_4409
10344,Vintage Cars,92,S18_4409
10367,Vintage Cars,92,S18_4409
10380,Vintage Cars,92,S18_4409
10407,Vintage Cars,92,S18_4409
10420,Vintage Cars,92,S18_4409
10105,Vintage Cars,87,S18_4522
10117,Vintage Cars,87,S18_4522
10128,Vintage Cars,87,S18_4522
10142,Vintage Cars,87,S18_4522
10153,Vintage Cars,87,S18_4522
10166,Vintage Cars,87,S18_4522
10177,Vintage Cars,87,S18_4522
10185,Vintage Cars,87,S18_4522
10197,Vintage Cars,87,S18_4522
10208,Vintage Cars,87,S18_4522
10221,Vintage Cars,87,S18_4522
10232,Vintage Cars,87,S18_4522
10248,Vintage Cars,87,S18_4522
10261,Vintage Cars,87,S18_4522
10273,Vintage Cars,87,S18_4522
10283,Vintage Cars,87,S18_4522
10293,Vintage Cars,87,S18_4522
10306,Vintage Cars,87,S18_4522
10315,Vintage Cars,87,S18_4522
10326,Vintage Cars,87,S18_4522
10337,Vintage Cars,87,S18_4522
10350,Vintage Cars,87,S18_4522
10372,Vintage Cars,87,S18_4522
10383,Vintage Cars,87,S18_4522
10396,Vintage Cars,87,S18_4522
10414,Vintage Cars,87,S18_4522
10103,Trucks and Buses,121,S18_4600
10114,Trucks and Buses,121,S18_4600
10126,Trucks and Buses,121,S18_4600
10140,Trucks and Buses,121,S18_4600
10150,Trucks and Buses,121,S18_4600
10164,Trucks and Buses,121,S18_4600
10175,Trucks and Buses,121,S18_4600
10183,Trucks and Buses,121,S18_4600
10194,Trucks and Buses,121,S18_4600
10207,Trucks and Buses,121,S18_4600
10217,Trucks and Buses,121,S18_4600
10229,Trucks and Buses,121,S18_4600
10245,Trucks and Buses,121,S18_4600
10259,Trucks and Buses,121,S18_4600
10270,Trucks and Buses,121,S18_4600
10281,Trucks and Buses,121,S18_4600
10291,Trucks and Buses,121,S18_4600
10305,Trucks and Buses,121,S18_4600
10313,Trucks and Buses,121,S18_4600
10323,Trucks and Buses,121,S18_4600
10334,Trucks and Buses,121,S18_4600
10347,Trucks and Buses,121,S18_4600
10357,Trucks and Buses,121,S18_4600
10370,Trucks and Buses,121,S18_4600
10382,Trucks and Buses,121,S18_4600
10411,Trucks and Buses,121,S18_4600
10425,Trucks and Buses,121,S18_4600
10103,Vintage Cars,50,S18_4668
10113,Vintage Cars,50,S18_4668
10126,Vintage Cars,50,S18_4668
10140,Vintage Cars,50,S18_4668
10150,Vintage Cars,50,S18_4668
10164,Vintage Cars,50,S18_4668
10174,Vintage Cars,50,S18_4668
10183,Vintage Cars,50,S18_4668
10194,Vintage Cars,50,S18_4668
10206,Vintage Cars,50,S18_4668
10215,Vintage Cars,50,S18_4668
10229,Vintage Cars,50,S18_4668
10245,Vintage Cars,50,S18_4668
10258,Vintage Cars,50,S18_4668
10270,Vintage Cars,50,S18_4668
10281,Vintage Cars,50,S18_4668
10291,Vintage Cars,50,S18_4668
10304,Vintage Cars,50,S18_4668
10312,Vintage Cars,50,S18_4668
10324,Vintage Cars,50,S18_4668
10333,Vintage Cars,50,S18_4668
10348,Vintage Cars,50,S18_4668
10358,Vintage Cars,50,S18_4668
10370,Vintage Cars,50,S18_4668
10382,Vintage Cars,50,S18_4668
10411,Vintage Cars,50,S18_4668
10424,Vintage Cars,50,S18_4668
10108,Classic Cars,148,S18_4721
10122,Classic Cars,148,S18_4721
10135,Classic Cars,148,S18_4721
10146,Classic Cars,148,S18_4721
10159,Classic Cars,148,S18_4721
10169,Classic Cars,148,S18_4721
10180,Classic Cars,148,S18_4721
10191,Classic Cars,148,S18_4721
10211,Classic Cars,148,S18_4721
10225,Classic Cars,148,S18_4721
10238,Classic Cars,148,S18_4721
10252,Classic Cars,148,S18_4721
10264,Classic Cars,148,S18_4721
10276,Classic Cars,148,S18_4721
10287,Classic Cars,148,S18_4721
10299,Classic Cars,148,S18_4721
10310,Classic Cars,148,S18_4721
10319,Classic Cars,148,S18_4721
10330,Classic Cars,148,S18_4721
10342,Classic Cars,148,S18_4721
10355,Classic Cars,148,S18_4721
10363,Classic Cars,148,S18_4721
10378,Classic Cars,148,S18_4721
10390,Classic Cars,148,S18_4721
10110,Classic Cars,71,S18_4933
10124,Classic Cars,71,S18_4933
10148,Classic Cars,71,S18_4933
10161,Classic Cars,71,S18_4933
10173,Classic Cars,71,S18_4933
10182,Classic Cars,71,S18_4933
10193,Classic Cars,71,S18_4933
10204,Classic Cars,71,S18_4933
10213,Classic Cars,71,S18_4933
10227,Classic Cars,71,S18_4933
10241,Classic Cars,71,S18_4933
10267,Classic Cars,71,S18_4933
10279,Classic Cars,71,S18_4933
10288,Classic Cars,71,S18_4933
10302,Classic Cars,71,S18_4933
10311,Classic Cars,71,S18_4933
10332,Classic Cars,71,S18_4933
10344,Classic Cars,71,S18_4933
10367,Classic Cars,71,S18_4933
10380,Classic Cars,71,S18_4933
10407,Classic Cars,71,S18_4933
10420,Classic Cars,71,S18_4933
10110,Classic Cars,73,S24_1046
10124,Classic Cars,73,S24_1046
10148,Classic Cars,73,S24_1046
10161,Classic Cars,73,S24_1046
10172,Classic Cars,73,S24_1046
10182,Classic Cars,73,S24_1046
10192,Classic Cars,73,S24_1046
10204,Classic Cars,73,S24_1046
10212,Classic Cars,73,S24_1046
10226,Classic Cars,73,S24_1046
10241,Classic Cars,73,S24_1046
10267,Classic Cars,73,S24_1046
10279,Classic Cars,73,S24_1046
10288,Classic Cars,73,S24_1046
10301,Classic Cars,73,S24_1046
10311,Classic Cars,73,S24_1046
10321,Classic Cars,73,S24_1046
10332,Classic Cars,73,S24_1046
10344,Classic Cars,73,S24_1046
10367,Classic Cars,73,S24_1046
10380,Classic Cars,73,S24_1046
10407,Classic Cars,73,S24_1046
10420,Classic Cars,73,S24_1046
10104,Classic Cars,57,S24_1444
10115,Classic Cars,57,S24_1444
10127,Classic Cars,57,S24_1444
10141,Classic Cars,57,S24_1444
10152,Classic Cars,57,S24_1444
10165,Classic Cars,57,S24_1444
10176,Classic Cars,57,S24_1444
10184,Classic Cars,57,S24_1444
10195,Classic Cars,57,S24_1444
10207,Classic Cars,57,S24_1444
10220,Classic Cars,57,S24_1444
10230,Classic Cars,57,S24_1444
10246,Classic Cars,57,S24_1444
10259,Classic Cars,57,S24_1444
10271,Classic Cars,57,S24_1444
10282,Classic Cars,57,S24_1444
10292,Classic Cars,57,S24_1444
10305,Classic Cars,57,S24_1444
10314,Classic Cars,57,S24_1444
10324,Classic Cars,57,S24_1444
10336,Classic Cars,57,S24_1444
10349,Classic Cars,57,S24_1444
10358,Classic Cars,57,S24_1444
10371,Classic Cars,57,S24_1444
10383,Classic Cars,57,S24_1444
10394,Classic Cars,57,S24_1444
10412,Classic Cars,57,S24_1444
10425,Classic Cars,57,S24_1444
10107,Motorcycles,112,S24_1578
10120,Motorcycles,112,S24_1578
10134,Motorcycles,112,S24_1578
10145,Motorcycles,112,S24_1578
10159,Motorcycles,112,S24_1578
10168,Motorcycles,112,S24_1578
10180,Motorcycles,112,S24_1578
10188,Motorcycles,112,S24_1578
10201,Motorcycles,112,S24_1578
10211,Motorcycles,112,S24_1578
10223,Motorcycles,112,S24_1578
10237,Motorcycles,112,S24_1578
10251,Motorcycles,112,S24_1578
10263,Motorcycles,112,S24_1578
10275,Motorcycles,112,S24_1578
10285,Motorcycles,112,S24_1578
10299,Motorcycles,112,S24_1578
10309,Motorcycles,112,S24_1578
10318,Motorcycles,112,S24_1578
10329,Motorcycles,112,S24_1578
10339,Motorcycles,112,S24_1578
10362,Motorcycles,112,S24_1578
10374,Motorcycles,112,S24_1578
10389,Motorcycles,112,S24_1578
10403,Motorcycles,112,S24_1578
10417,Motorcycles,112,S24_1578
10110,Classic Cars,50,S24_1628
10123,Classic Cars,50,S24_1628
10137,Classic Cars,50,S24_1628
10148,Classic Cars,50,S24_1628
10161,Classic Cars,50,S24_1628
10172,Classic Cars,50,S24_1628
10181,Classic Cars,50,S24_1628
10192,Classic Cars,50,S24_1628
10204,Classic Cars,50,S24_1628
10212,Classic Cars,50,S24_1628
10226,Classic Cars,50,S24_1628
10241,Classic Cars,50,S24_1628
10266,Classic Cars,50,S24_1628
10278,Classic Cars,50,S24_1628
10288,Classic Cars,50,S24_1628
10301,Classic Cars,50,S24_1628
10311,Classic Cars,50,S24_1628
10321,Classic Cars,50,S24_1628
10332,Classic Cars,50,S24_1628
10343,Classic Cars,50,S24_1628
10367,Classic Cars,50,S24_1628
10379,Classic Cars,50,S24_1628
10407,Classic Cars,50,S24_1628
10420,Classic Cars,50,S24_1628
10106,Planes,109,S24_1785
10120,Planes,109,S24_1785
10133,Planes,109,S24_1785
10145,Planes,109,S24_1785
10168,Planes,109,S24_1785
10210,Planes,109,S24_1785
10223,Planes,109,S24_1785
10235,Planes,109,S24_1785
10250,Planes,109,S24_1785
10262,Planes,109,S24_1785
10275,Planes,109,S24_1785
10284,Planes,109,S24_1785
10297,Planes,109,S24_1785
10308,Planes,109,S24_1785
10316,Planes,109,S24_1785
10328,Planes,109,S24_1785
10339,Planes,109,S24_1785
10353,Planes,109,S24_1785
10374,Planes,109,S24_1785
10386,Planes,109,S24_1785
10398,Planes,109,S24_1785
10401,Planes,109,S24_1785
10416,Planes,109,S24_1785
10101,Vintage Cars,33,S24_1937
10110,Vintage Cars,33,S24_1937
10124,Vintage Cars,33,S24_1937
10149,Vintage Cars,33,S24_1937
10162,Vintage Cars,33,S24_1937
10173,Vintage Cars,33,S24_1937
10182,Vintage Cars,33,S24_1937
10193,Vintage Cars,33,S24_1937
10205,Vintage Cars,33,S24_1937
10214,Vintage Cars,33,S24_1937
10227,Vintage Cars,33,S24_1937
10243,Vintage Cars,33,S24_1937
10280,Vintage Cars,33,S24_1937
10288,Vintage Cars,33,S24_1937
10304,Vintage Cars,33,S24_1937
10312,Vintage Cars,33,S24_1937
10322,Vintage Cars,33,S24_1937
10332,Vintage Cars,33,S24_1937
10344,Vintage Cars,33,S24_1937
10356,Vintage Cars,33,S24_1937
10367,Vintage Cars,33,S24_1937
10380,Vintage Cars,33,S24_1937
10391,Vintage Cars,33,S24_1937
10409,Vintage Cars,33,S24_1937
10420,Vintage Cars,33,S24_1937
10107,Motorcycles,76,S24_2000
10120,Motorcycles,76,S24_2000
10134,Motorcycles,76,S24_2000
10145,Motorcycles,76,S24_2000
10158,Motorcycles,76,S24_2000
10168,Motorcycles,76,S24_2000
10180,Motorcycles,76,S24_2000
10188,Motorcycles,76,S24_2000
10201,Motorcycles,76,S24_2000
10210,Motorcycles,76,S24_2000
10223,Motorcycles,76,S24_2000
10236,Motorcycles,76,S24_2000
10250,Motorcycles,76,S24_2000
10263,Motorcycles,76,S24_2000
10275,Motorcycles,76,S24_2000
10285,Motorcycles,76,S24_2000
10297,Motorcycles,76,S24_2000
10308,Motorcycles,76,S24_2000
10318,Motorcycles,76,S24_2000
10329,Motorcycles,76,S24_2000
10340,Motorcycles,76,S24_2000
10363,Motorcycles,76,S24_2000
10375,Motorcycles,76,S24_2000
10389,Motorcycles,76,S24_2000
10402,Motorcycles,76,S24_2000
10416,Motorcycles,76,S24_2000
10105,Ships,122,S24_2011
10117,Ships,122,S24_2011
10129,Ships,122,S24_2011
10142,Ships,122,S24_2011
10153,Ships,122,S24_2011
10167,Ships,122,S24_2011
10177,Ships,122,S24_2011
10185,Ships,122,S24_2011
10197,Ships,122,S24_2011
10208,Ships,122,S24_2011
10221,Ships,122,S24_2011
10232,Ships,122,S24_2011
10248,Ships,122,S24_2011
10261,Ships,122,S24_2011
10273,Ships,122,S24_2011
10283,Ships,122,S24_2011
10293,Ships,122,S24_2011
10306,Ships,122,S24_2011
10315,Ships,122,S24_2011
10326,Ships,122,S24_2011
10337,Ships,122,S24_2011
10350,Ships,122,S24_2011
10372,Ships,122,S24_2011
10384,Ships,122,S24_2011
10396,Ships,122,S24_2011
10414,Ships,122,S24_2011
10101,Vintage Cars,44,S24_2022
10110,Vintage Cars,44,S24_2022
10124,Vintage Cars,44,S24_2022
10149,Vintage Cars,44,S24_2022
10162,Vintage Cars,44,S24_2022
10173,Vintage Cars,44,S24_2022
10182,Vintage Cars,44,S24_2022
10193,Vintage Cars,44,S24_2022
10205,Vintage Cars,44,S24_2022
10214,Vintage Cars,44,S24_2022
10227,Vintage Cars,44,S24_2022
10244,Vintage Cars,44,S24_2022
10255,Vintage Cars,44,S24_2022
10280,Vintage Cars,44,S24_2022
10289,Vintage Cars,44,S24_2022
10304,Vintage Cars,44,S24_2022
10312,Vintage Cars,44,S24_2022
10322,Vintage Cars,44,S24_2022
10332,Vintage Cars,44,S24_2022
10345,Vintage Cars,44,S24_2022
10356,Vintage Cars,44,S24_2022
10367,Vintage Cars,44,S24_2022
10380,Vintage Cars,44,S24_2022
10391,Vintage Cars,44,S24_2022
10421,Vintage Cars,44,S24_2022
10103,Trucks and Buses,127,S24_2300
10114,Trucks and Buses,127,S24_2300
10126,Trucks and Buses,127,S24_2300
10140,Trucks and Buses,127,S24_2300
10151,Trucks and Buses,127,S24_2300
10165,Trucks and Buses,127,S24_2300
10175,Trucks and Buses,127,S24_2300
10184,Trucks and Buses,127,S24_2300
10194,Trucks and Buses,127,S24_2300
10207,Trucks and Buses,127,S24_2300
10217,Trucks and Buses,127,S24_2300
10229,Trucks and Buses,127,S24_2300
10246,Trucks and Buses,127,S24_2300
10259,Trucks and Buses,127,S24_2300
10271,Trucks and Buses,127,S24_2300
10281,Trucks and Buses,127,S24_2300
10291,Trucks and Buses,127,S24_2300
10305,Trucks and Buses,127,S24_2300
10313,Trucks and Buses,127,S24_2300
10324,Trucks and Buses,127,S24_2300
10334,Trucks and Buses,127,S24_2300
10348,Trucks and Buses,127,S24_2300
10358,Trucks and Buses,127,S24_2300
10371,Trucks and Buses,127,S24_2300
10382,Trucks and Buses,127,S24_2300
10412,Trucks and Buses,127,S24_2300
10425,Trucks and Buses,127,S24_2300
10108,Motorcycles,69,S24_2360
10121,Motorcycles,69,S24_2360
10135,Motorcycles,69,S24_2360
10145,Motorcycles,69,S24_2360
10159,Motorcycles,69,S24_2360
10169,Motorcycles,69,S24_2360
10180,Motorcycles,69,S24_2360
10190,Motorcycles,69,S24_2360
10211,Motorcycles,69,S24_2360
10224,Motorcycles,69,S24_2360
10237,Motorcycles,69,S24_2360
10252,Motorcycles,69,S24_2360
10264,Motorcycles,69,S24_2360
10276,Motorcycles,69,S24_2360
10285,Motorcycles,69,S24_2360
10299,Motorcycles,69,S24_2360
10309,Motorcycles,69,S24_2360
10319,Motorcycles,69,S24_2360
10330,Motorcycles,69,S24_2360
10341,Motorcycles,69,S24_2360
10355,Motorcycles,69,S24_2360
10363,Motorcycles,69,S24_2360
10375,Motorcycles,69,S24_2360
10390,Motorcycles,69,S24_2360
10403,Motorcycles,69,S24_2360
10110,Classic Cars,90,S24_2766
10124,Classic Cars,90,S24_2766
10148,Classic Cars,90,S24_2766
10161,Classic Cars,90,S24_2766
10172,Classic Cars,90,S24_2766
10182,Classic Cars,90,S24_2766
10192,Classic Cars,90,S24_2766
10204,Classic Cars,90,S24_2766
10212,Classic Cars,90,S24_2766
10227,Classic Cars,90,S24_2766
10241,Classic Cars,90,S24_2766
10267,Classic Cars,90,S24_2766
10279,Classic Cars,90,S24_2766
10288,Classic Cars,90,S24_2766
10302,Classic Cars,90,S24_2766
10311,Classic Cars,90,S24_2766
10321,Classic Cars,90,S24_2766
10332,Classic Cars,90,S24_2766
10346,Classic Cars,90,S24_2766
10368,Classic Cars,90,S24_2766
10380,Classic Cars,90,S24_2766
10407,Classic Cars,90,S24_2766
10420,Classic Cars,90,S24_2766
10104,Classic Cars,35,S24_2840
10114,Classic Cars,35,S24_2840
10127,Classic Cars,35,S24_2840
10141,Classic Cars,35,S24_2840
10151,Classic Cars,35,S24_2840
10165,Classic Cars,35,S24_2840
10175,Classic Cars,35,S24_2840
10184,Classic Cars,35,S24_2840
10195,Classic Cars,35,S24_2840
10207,Classic Cars,35,S24_2840
10219,Classic Cars,35,S24_2840
10229,Classic Cars,35,S24_2840
10246,Classic Cars,35,S24_2840
10259,Classic Cars,35,S24_2840
10271,Classic Cars,35,S24_2840
10281,Classic Cars,35,S24_2840
10292,Classic Cars,35,S24_2840
10305,Classic Cars,35,S24_2840
10314,Classic Cars,35,S24_2840
10324,Classic Cars,35,S24_2840
10335,Classic Cars,35,S24_2840
10349,Classic Cars,35,S24_2840
10358,Classic Cars,35,S24_2840
10371,Classic Cars,35,S24_2840
10383,Classic Cars,35,S24_2840
10394,Classic Cars,35,S24_2840
10412,Classic Cars,35,S24_2840
10425,Classic Cars,35,S24_2840
10106,Planes,68,S24_2841
10119,Planes,68,S24_2841
10131,Planes,68,S24_2841
10143,Planes,68,S24_2841
10155,Planes,68,S24_2841
10167,Planes,68,S24_2841
10178,Planes,68,S24_2841
10186,Planes,68,S24_2841
10198,Planes,68,S24_2841
10209,Planes,68,S24_2841
10222,Planes,68,S24_2841
10249,Planes,68,S24_2841
10262,Planes,68,S24_2841
10274,Planes,68,S24_2841
10284,Planes,68,S24_2841
10296,Planes,68,S24_2841
10307,Planes,68,S24_2841
10316,Planes,68,S24_2841
10328,Planes,68,S24_2841
10339,Planes,68,S24_2841
10351,Planes,68,S24_2841
10373,Planes,68,S24_2841
10386,Planes,68,S24_2841
10398,Planes,68,S24_2841
10400,Planes,68,S24_2841
10415,Planes,68,S24_2841
10110,Classic Cars,117,S24_2887
10124,Classic Cars,117,S24_2887
10148,Classic Cars,117,S24_2887
10161,Classic Cars,117,S24_2887
10173,Classic Cars,117,S24_2887
10182,Classic Cars,117,S24_2887
10192,Classic Cars,117,S24_2887
10204,Classic Cars,117,S24_2887
10213,Classic Cars,117,S24_2887
10227,Classic Cars,117,S24_2887
10241,Classic Cars,117,S24_2887
10267,Classic Cars,117,S24_2887
10279,Classic Cars,117,S24_2887
10288,Classic Cars,117,S24_2887
10302,Classic Cars,117,S24_2887
10311,Classic Cars,117,S24_2887
10332,Classic Cars,117,S24_2887
10346,Classic Cars,117,S24_2887
10368,Classic Cars,117,S24_2887
10380,Classic Cars,117,S24_2887
10407,Classic Cars,117,S24_2887
10420,Classic Cars,117,S24_2887
10109,Classic Cars,37,S24_2972
10122,Classic Cars,37,S24_2972
10135,Classic Cars,37,S24_2972
10147,Classic Cars,37,S24_2972
10160,Classic Cars,37,S24_2972
10171,Classic Cars,37,S24_2972
10181,Classic Cars,37,S24_2972
10192,Classic Cars,37,S24_2972
10203,Classic Cars,37,S24_2972
10212,Classic Cars,37,S24_2972
10225,Classic Cars,37,S24_2972
10239,Classic Cars,37,S24_2972
10253,Classic Cars,37,S24_2972
10266,Classic Cars,37,S24_2972
10278,Classic Cars,37,S24_2972
10287,Classic Cars,37,S24_2972
10301,Classic Cars,37,S24_2972
10310,Classic Cars,37,S24_2972
10321,Classic Cars,37,S24_2972
10331,Classic Cars,37,S24_2972
10342,Classic Cars,37,S24_2972
10355,Classic Cars,37,S24_2972
10367,Classic Cars,37,S24_2972
10378,Classic Cars,37,S24_2972
10390,Classic Cars,37,S24_2972
10405,Classic Cars,37,S24_2972
10419,Classic Cars,37,S24_2972
10105,Vintage Cars,88,S24_3151
10119,Vintage Cars,88,S24_3151
10129,Vintage Cars,88,S24_3151
10142,Vintage Cars,88,S24_3151
10154,Vintage Cars,88,S24_3151
10167,Vintage Cars,88,S24_3151
10177,Vintage Cars,88,S24_3151
10185,Vintage Cars,88,S24_3151
10197,Vintage Cars,88,S24_3151
10208,Vintage Cars,88,S24_3151
10222,Vintage Cars,88,S24_3151
10233,Vintage Cars,88,S24_3151
10248,Vintage Cars,88,S24_3151
10261,Vintage Cars,88,S24_3151
10273,Vintage Cars,88,S24_3151
10283,Vintage Cars,88,S24_3151
10295,Vintage Cars,88,S24_3151
10306,Vintage Cars,88,S24_3151
10315,Vintage Cars,88,S24_3151
10326,Vintage Cars,88,S24_3151
10339,Vintage Cars,88,S24_3151
10350,Vintage Cars,88,S24_3151
10373,Vintage Cars,88,S24_3151
10384,Vintage Cars,88,S24_3151
10396,Vintage Cars,88,S24_3151
10414,Vintage Cars,88,S24_3151
10110,Classic Cars,85,S24_3191
10124,Classic Cars,85,S24_3191
10148,Classic Cars,85,S24_3191
10161,Classic Cars,85,S24_3191
10172,Classic Cars,85,S24_3191
10182,Classic Cars,85,S24_3191
10192,Classic Cars,85,S24_3191
10204,Classic Cars,85,S24_3191
10212,Classic Cars,85,S24_3191
10227,Classic Cars,85,S24_3191
10241,Classic Cars,85,S24_3191
10267,Classic Cars,85,S24_3191
10279,Classic Cars,85,S24_3191
10288,Classic Cars,85,S24_3191
10302,Classic Cars,85,S24_3191
10311,Classic Cars,85,S24_3191
10321,Classic Cars,85,S24_3191
10332,Classic Cars,85,S24_3191
10346,Classic Cars,85,S24_3191
10368,Classic Cars,85,S24_3191
10380,Classic Cars,85,S24_3191
10407,Classic Cars,85,S24_3191
10420,Classic Cars,85,S24_3191
10108,Classic Cars,61,S24_3371
10122,Classic Cars,61,S24_3371
10135,Classic Cars,61,S24_3371
10147,Classic Cars,61,S24_3371
10159,Classic Cars,61,S24_3371
10169,Classic Cars,61,S24_3371
10181,Classic Cars,61,S24_3371
10191,Classic Cars,61,S24_3371
10203,Classic Cars,61,S24_3371
10211,Classic Cars,61,S24_3371
10225,Classic Cars,61,S24_3371
10238,Classic Cars,61,S24_3371
10253,Classic Cars,61,S24_3371
10266,Classic Cars,61,S24_3371
10276,Classic Cars,61,S24_3371
10287,Classic Cars,61,S24_3371
10300,Classic Cars,61,S24_3371
10310,Classic Cars,61,S24_3371
10320,Classic Cars,61,S24_3371
10331,Classic Cars,61,S24_3371
10342,Classic Cars,61,S24_3371
10355,Classic Cars,61,S24_3371
10363,Classic Cars,61,S24_3371
10378,Classic Cars,61,S24_3371
10390,Classic Cars,61,S24_3371
10419,Classic Cars,61,S24_3371
10106,Vintage Cars,65,S24_3420
10119,Vintage Cars,65,S24_3420
10131,Vintage Cars,65,S24_3420
10143,Vintage Cars,65,S24_3420
10155,Vintage Cars,65,S24_3420
10167,Vintage Cars,65,S24_3420
10178,Vintage Cars,65,S24_3420
10186,Vintage Cars,65,S24_3420
10198,Vintage Cars,65,S24_3420
10209,Vintage Cars,65,S24_3420
10222,Vintage Cars,65,S24_3420
10249,Vintage Cars,65,S24_3420
10262,Vintage Cars,65,S24_3420
10274,Vintage Cars,65,S24_3420
10284,Vintage Cars,65,S24_3420
10296,Vintage Cars,65,S24_3420
10307,Vintage Cars,65,S24_3420
10316,Vintage Cars,65,S24_3420
10328,Vintage Cars,65,S24_3420
10339,Vintage Cars,65,S24_3420
10351,Vintage Cars,65,S24_3420
10361,Vintage Cars,65,S24_3420
10373,Vintage Cars,65,S24_3420
10386,Vintage Cars,65,S24_3420
10398,Vintage Cars,65,S24_3420
10400,Vintage Cars,65,S24_3420
10415,Vintage Cars,65,S24_3420
10110,Classic Cars,107,S24_3432
10124,Classic Cars,107,S24_3432
10148,Classic Cars,107,S24_3432
10161,Classic Cars,107,S24_3432
10172,Classic Cars,107,S24_3432
10182,Classic Cars,107,S24_3432
10192,Classic Cars,107,S24_3432
10204,Classic Cars,107,S24_3432
10212,Classic Cars,107,S24_3432
10226,Classic Cars,107,S24_3432
10241,Classic Cars,107,S24_3432
10267,Classic Cars,107,S24_3432
10279,Classic Cars,107,S24_3432
10288,Classic Cars,107,S24_3432
10301,Classic Cars,107,S24_3432
10311,Classic Cars,107,S24_3432
10321,Classic Cars,107,S24_3432
10332,Classic Cars,107,S24_3432
10346,Classic Cars,107,S24_3432
10368,Classic Cars,107,S24_3432
10380,Classic Cars,107,S24_3432
10407,Classic Cars,107,S24_3432
10420,Classic Cars,107,S24_3432
10105,Vintage Cars,83,S24_3816
10119,Vintage Cars,83,S24_3816
10129,Vintage Cars,83,S24_3816
10143,Vintage Cars,83,S24_3816
10155,Vintage Cars,83,S24_3816
10167,Vintage Cars,83,S24_3816
10178,Vintage Cars,83,S24_3816
10186,Vintage Cars,83,S24_3816
10197,Vintage Cars,83,S24_3816
10209,Vintage Cars,83,S24_3816
10222,Vintage Cars,83,S24_3816
10248,Vintage Cars,83,S24_3816
10262,Vintage Cars,83,S24_3816
10273,Vintage Cars,83,S24_3816
10283,Vintage Cars,83,S24_3816
10296,Vintage Cars,83,S24_3816
10307,Vintage Cars,83,S24_3816
10316,Vintage Cars,83,S24_3816
10326,Vintage Cars,83,S24_3816
10339,Vintage Cars,83,S24_3816
10350,Vintage Cars,83,S24_3816
10373,Vintage Cars,83,S24_3816
10385,Vintage Cars,83,S24_3816
10396,Vintage Cars,83,S24_3816
10400,Vintage Cars,83,S24_3816
10414,Vintage Cars,83,S24_3816
10108,Classic Cars,140,S24_3856
10122,Classic Cars,140,S24_3856
10135,Classic Cars,140,S24_3856
10147,Classic Cars,140,S24_3856
10160,Classic Cars,140,S24_3856
10170,Classic Cars,140,S24_3856
10181,Classic Cars,140,S24_3856
10192,Classic Cars,140,S24_3856
10203,Classic Cars,140,S24_3856
10212,Classic Cars,140,S24_3856
10225,Classic Cars,140,S24_3856
10239,Classic Cars,140,S24_3856
10253,Classic Cars,140,S24_3856
10266,Classic Cars,140,S24_3856
10278,Classic Cars,140,S24_3856
10287,Classic Cars,140,S24_3856
10301,Classic Cars,140,S24_3856
10310,Classic Cars,140,S24_3856
10321,Classic Cars,140,S24_3856
10331,Classic Cars,140,S24_3856
10342,Classic Cars,140,S24_3856
10355,Classic Cars,140,S24_3856
10363,Classic Cars,140,S24_3856
10378,Classic Cars,140,S24_3856
10390,Classic Cars,140,S24_3856
10405,Classic Cars,140,S24_3856
10419,Classic Cars,140,S24_3856
10106,Planes,68,S24_3949
10119,Planes,68,S24_3949
10131,Planes,68,S24_3949
10143,Planes,68,S24_3949
10155,Planes,68,S24_3949
10168,Planes,68,S24_3949
10178,Planes,68,S24_3949
10198,Planes,68,S24_3949
10210,Planes,68,S24_3949
10222,Planes,68,S24_3949
10235,Planes,68,S24_3949
10250,Planes,68,S24_3949
10262,Planes,68,S24_3949
10275,Planes,68,S24_3949
10284,Planes,68,S24_3949
10296,Planes,68,S24_3949
10308,Planes,68,S24_3949
10316,Planes,68,S24_3949
10328,Planes,68,S24_3949
10339,Planes,68,S24_3949
10351,Planes,68,S24_3949
10361,Planes,68,S24_3949
10373,Planes,68,S24_3949
10386,Planes,68,S24_3949
10398,Planes,68,S24_3949
10401,Planes,68,S24_3949
10416,Planes,68,S24_3949
10100,Vintage Cars,41,S24_3969
10110,Vintage Cars,41,S24_3969
10124,Vintage Cars,41,S24_3969
10149,Vintage Cars,41,S24_3969
10162,Vintage Cars,41,S24_3969
10173,Vintage Cars,41,S24_3969
10182,Vintage Cars,41,S24_3969
10193,Vintage Cars,41,S24_3969
10204,Vintage Cars,41,S24_3969
10214,Vintage Cars,41,S24_3969
10227,Vintage Cars,41,S24_3969
10242,Vintage Cars,41,S24_3969
10280,Vintage Cars,41,S24_3969
10288,Vintage Cars,41,S24_3969
10303,Vintage Cars,41,S24_3969
10312,Vintage Cars,41,S24_3969
10332,Vintage Cars,41,S24_3969
10346,Vintage Cars,41,S24_3969
10368,Vintage Cars,41,S24_3969
10380,Vintage Cars,41,S24_3969
10408,Vintage Cars,41,S24_3969
10420,Vintage Cars,41,S24_3969
10104,Classic Cars,118,S24_4048
10115,Classic Cars,118,S24_4048
10127,Classic Cars,118,S24_4048
10141,Classic Cars,118,S24_4048
10152,Classic Cars,118,S24_4048
10165,Classic Cars,118,S24_4048
10176,Classic Cars,118,S24_4048
10184,Classic Cars,118,S24_4048
10195,Classic Cars,118,S24_4048
10207,Classic Cars,118,S24_4048
10220,Classic Cars,118,S24_4048
10230,Classic Cars,118,S24_4048
10246,Classic Cars,118,S24_4048
10271,Classic Cars,118,S24_4048
10282,Classic Cars,118,S24_4048
10292,Classic Cars,118,S24_4048
10305,Classic Cars,118,S24_4048
10314,Classic Cars,118,S24_4048
10325,Classic Cars,118,S24_4048
10336,Classic Cars,118,S24_4048
10349,Classic Cars,118,S24_4048
10359,Classic Cars,118,S24_4048
10371,Classic Cars,118,S24_4048
10383,Classic Cars,118,S24_4048
10394,Classic Cars,118,S24_4048
10412,Classic Cars,118,S24_4048
10103,Vintage Cars,97,S24_4258
10111,Vintage Cars,97,S24_4258
10126,Vintage Cars,97,S24_4258
10139,Vintage Cars,97,S24_4258
10149,Vintage Cars,97,S24_4258
10163,Vintage Cars,97,S24_4258
10173,Vintage Cars,97,S24_4258
10183,Vintage Cars,97,S24_4258
10193,Vintage Cars,97,S24_4258
10206,Vintage Cars,97,S24_4258
10215,Vintage Cars,97,S24_4258
10228,Vintage Cars,97,S24_4258
10244,Vintage Cars,97,S24_4258
10257,Vintage Cars,97,S24_4258
10269,Vintage Cars,97,S24_4258
10280,Vintage Cars,97,S24_4258
10290,Vintage Cars,97,S24_4258
10304,Vintage Cars,97,S24_4258
10312,Vintage Cars,97,S24_4258
10324,Vintage Cars,97,S24_4258
10333,Vintage Cars,97,S24_4258
10348,Vintage Cars,97,S24_4258
10358,Vintage Cars,97,S24_4258
10369,Vintage Cars,97,S24_4258
10382,Vintage Cars,97,S24_4258
10423,Vintage Cars,97,S24_4258
10106,Planes,72,S24_4278
10120,Planes,72,S24_4278
10133,Planes,72,S24_4278
10145,Planes,72,S24_4278
10168,Planes,72,S24_4278
10210,Planes,72,S24_4278
10223,Planes,72,S24_4278
10235,Planes,72,S24_4278
10250,Planes,72,S24_4278
10263,Planes,72,S24_4278
10275,Planes,72,S24_4278
10284,Planes,72,S24_4278
10297,Planes,72,S24_4278
10308,Planes,72,S24_4278
10317,Planes,72,S24_4278
10328,Planes,72,S24_4278
10340,Planes,72,S24_4278
10353,Planes,72,S24_4278
10361,Planes,72,S24_4278
10375,Planes,72,S24_4278
10386,Planes,72,S24_4278
10398,Planes,72,S24_4278
10401,Planes,72,S24_4278
10416,Planes,72,S24_4278
10108,Classic Cars,80,S24_4620
10122,Classic Cars,80,S24_4620
10135,Classic Cars,80,S24_4620
10147,Classic Cars,80,S24_4620
10159,Classic Cars,80,S24_4620
10169,Classic Cars,80,S24_4620
10180,Classic Cars,80,S24_4620
10191,Classic Cars,80,S24_4620
10211,Classic Cars,80,S24_4620
10225,Classic Cars,80,S24_4620
10238,Classic Cars,80,S24_4620
10252,Classic Cars,80,S24_4620
10264,Classic Cars,80,S24_4620
10276,Classic Cars,80,S24_4620
10287,Classic Cars,80,S24_4620
10299,Classic Cars,80,S24_4620
10310,Classic Cars,80,S24_4620
10319,Classic Cars,80,S24_4620
10331,Classic Cars,80,S24_4620
10343,Classic Cars,80,S24_4620
10355,Classic Cars,80,S24_4620
10363,Classic Cars,80,S24_4620
10378,Classic Cars,80,S24_4620
10390,Classic Cars,80,S24_4620
10103,Trucks and Buses,96,S32_1268
10114,Trucks and Buses,96,S32_1268
10126,Trucks and Buses,96,S32_1268
10140,Trucks and Buses,96,S32_1268
10151,Trucks and Buses,96,S32_1268
10164,Trucks and Buses,96,S32_1268
10175,Trucks and Buses,96,S32_1268
10184,Trucks and Buses,96,S32_1268
10194,Trucks and Buses,96,S32_1268
10207,Trucks and Buses,96,S32_1268
10217,Trucks and Buses,96,S32_1268
10229,Trucks and Buses,96,S32_1268
10245,Trucks and Buses,96,S32_1268
10259,Trucks and Buses,96,S32_1268
10270,Trucks and Buses,96,S32_1268
10281,Trucks and Buses,96,S32_1268
10291,Trucks and Buses,96,S32_1268
10305,Trucks and Buses,96,S32_1268
10313,Trucks and Buses,96,S32_1268
10324,Trucks and Buses,96,S32_1268
10335,Trucks and Buses,96,S32_1268
10348,Trucks and Buses,96,S32_1268
10358,Trucks and Buses,96,S32_1268
10371,Trucks and Buses,96,S32_1268
10382,Trucks and Buses,96,S32_1268
10411,Trucks and Buses,96,S32_1268
10425,Trucks and Buses,96,S32_1268
10107,Motorcycles,99,S32_1374
10120,Motorcycles,99,S32_1374
10133,Motorcycles,99,S32_1374
10145,Motorcycles,99,S32_1374
10168,Motorcycles,99,S32_1374
10188,Motorcycles,99,S32_1374
10210,Motorcycles,99,S32_1374
10223,Motorcycles,99,S32_1374
10235,Motorcycles,99,S32_1374
10250,Motorcycles,99,S32_1374
10263,Motorcycles,99,S32_1374
10275,Motorcycles,99,S32_1374
10285,Motorcycles,99,S32_1374
10297,Motorcycles,99,S32_1374
10308,Motorcycles,99,S32_1374
10318,Motorcycles,99,S32_1374
10329,Motorcycles,99,S32_1374
10340,Motorcycles,99,S32_1374
10353,Motorcycles,99,S32_1374
10363,Motorcycles,99,S32_1374
10375,Motorcycles,99,S32_1374
10387,Motorcycles,99,S32_1374
10401,Motorcycles,99,S32_1374
10416,Motorcycles,99,S32_1374
10108,Motorcycles,40,S32_2206
10122,Motorcycles,40,S32_2206
10135,Motorcycles,40,S32_2206
10145,Motorcycles,40,S32_2206
10159,Motorcycles,40,S32_2206
10169,Motorcycles,40,S32_2206
10180,Motorcycles,40,S32_2206
10190,Motorcycles,40,S32_2206
10211,Motorcycles,40,S32_2206
10224,Motorcycles,40,S32_2206
10237,Motorcycles,40,S32_2206
10252,Motorcycles,40,S32_2206
10264,Motorcycles,40,S32_2206
10276,Motorcycles,40,S32_2206
10285,Motorcycles,40,S32_2206
10299,Motorcycles,40,S32_2206
10310,Motorcycles,40,S32_2206
10319,Motorcycles,40,S32_2206
10331,Motorcycles,40,S32_2206
10343,Motorcycles,40,S32_2206
10355,Motorcycles,40,S32_2206
10364,Motorcycles,40,S32_2206
10378,Motorcycles,40,S32_2206
10390,Motorcycles,40,S32_2206
10403,Motorcycles,40,S32_2206
10104,Trucks and Buses,54,S32_2509
10114,Trucks and Buses,54,S32_2509
10127,Trucks and Buses,54,S32_2509
10141,Trucks and Buses,54,S32_2509
10151,Trucks and Buses,54,S32_2509
10165,Trucks and Buses,54,S32_2509
10175,Trucks and Buses,54,S32_2509
10184,Trucks and Buses,54,S32_2509
10195,Trucks and Buses,54,S32_2509
10207,Trucks and Buses,54,S32_2509
10219,Trucks and Buses,54,S32_2509
10229,Trucks and Buses,54,S32_2509
10246,Trucks and Buses,54,S32_2509
10259,Trucks and Buses,54,S32_2509
10271,Trucks and Buses,54,S32_2509
10281,Trucks and Buses,54,S32_2509
10292,Trucks and Buses,54,S32_2509
10305,Trucks and Buses,54,S32_2509
10313,Trucks and Buses,54,S32_2509
10325,Trucks and Buses,54,S32_2509
10335,Trucks and Buses,54,S32_2509
10349,Trucks and Buses,54,S32_2509
10359,Trucks and Buses,54,S32_2509
10371,Trucks and Buses,54,S32_2509
10383,Trucks and Buses,54,S32_2509
10394,Trucks and Buses,54,S32_2509
10412,Trucks and Buses,54,S32_2509
10425,Trucks and Buses,54,S32_2509
10104,Trains,62,S32_3207
10116,Trains,62,S32_3207
10127,Trains,62,S32_3207
10142,Trains,62,S32_3207
10152,Trains,62,S32_3207
10165,Trains,62,S32_3207
10176,Trains,62,S32_3207
10184,Trains,62,S32_3207
10195,Trains,62,S32_3207
10207,Trains,62,S32_3207
10220,Trains,62,S32_3207
10230,Trains,62,S32_3207
10247,Trains,62,S32_3207
10272,Trains,62,S32_3207
10282,Trains,62,S32_3207
10292,Trains,62,S32_3207
10306,Trains,62,S32_3207
10314,Trains,62,S32_3207
10325,Trains,62,S32_3207
10336,Trains,62,S32_3207
10350,Trains,62,S32_3207
10359,Trains,62,S32_3207
10371,Trains,62,S32_3207
10383,Trains,62,S32_3207
10394,Trains,62,S32_3207
10413,Trains,62,S32_3207
10103,Trucks and Buses,64,S32_3522
10113,Trucks and Buses,64,S32_3522
10126,Trucks and Buses,64,S32_3522
10140,Trucks and Buses,64,S32_3522
10150,Trucks and Buses,64,S32_3522
10164,Trucks and Buses,64,S32_3522
10175,Trucks and Buses,64,S32_3522
10183,Trucks and Buses,64,S32_3522
10194,Trucks and Buses,64,S32_3522
10206,Trucks and Buses,64,S32_3522
10217,Trucks and Buses,64,S32_3522
10229,Trucks and Buses,64,S32_3522
10245,Trucks and Buses,64,S32_3522
10258,Trucks and Buses,64,S32_3522
10270,Trucks and Buses,64,S32_3522
10281,Trucks and Buses,64,S32_3522
10291,Trucks and Buses,64,S32_3522
10304,Trucks and Buses,64,S32_3522
10313,Trucks and Buses,64,S32_3522
10324,Trucks and Buses,64,S32_3522
10333,Trucks and Buses,64,S32_3522
10348,Trucks and Buses,64,S32_3522
10358,Trucks and Buses,64,S32_3522
10370,Trucks and Buses,64,S32_3522
10382,Trucks and Buses,64,S32_3522
10411,Trucks and Buses,64,S32_3522
10424,Trucks and Buses,64,S32_3522
10106,Vintage Cars,68,S32_4289
10120,Vintage Cars,68,S32_4289
10133,Vintage Cars,68,S32_4289
10144,Vintage Cars,68,S32_4289
10168,Vintage Cars,68,S32_4289
10210,Vintage Cars,68,S32_4289
10223,Vintage Cars,68,S32_4289
10235,Vintage Cars,68,S32_4289
10250,Vintage Cars,68,S32_4289
10262,Vintage Cars,68,S32_4289
10275,Vintage Cars,68,S32_4289
10284,Vintage Cars,68,S32_4289
10297,Vintage Cars,68,S32_4289
10308,Vintage Cars,68,S32_4289
10316,Vintage Cars,68,S32_4289
10328,Vintage Cars,68,S32_4289
10340,Vintage Cars,68,S32_4289
10353,Vintage Cars,68,S32_4289
10361,Vintage Cars,68,S32_4289
10375,Vintage Cars,68,S32_4289
10388,Vintage Cars,68,S32_4289
10398,Vintage Cars,68,S32_4289
10401,Vintage Cars,68,S32_4289
10416,Vintage Cars,68,S32_4289
10108,Motorcycles,102,S32_4485
10121,Motorcycles,102,S32_4485
10135,Motorcycles,102,S32_4485
10145,Motorcycles,102,S32_4485
10159,Motorcycles,102,S32_4485
10169,Motorcycles,102,S32_4485
10180,Motorcycles,102,S32_4485
10190,Motorcycles,102,S32_4485
10211,Motorcycles,102,S32_4485
10224,Motorcycles,102,S32_4485
10237,Motorcycles,102,S32_4485
10252,Motorcycles,102,S32_4485
10264,Motorcycles,102,S32_4485
10276,Motorcycles,102,S32_4485
10285,Motorcycles,102,S32_4485
10299,Motorcycles,102,S32_4485
10309,Motorcycles,102,S32_4485
10319,Motorcycles,102,S32_4485
10331,Motorcycles,102,S32_4485
10341,Motorcycles,102,S32_4485
10355,Motorcycles,102,S32_4485
10365,Motorcycles,102,S32_4485
10375,Motorcycles,102,S32_4485
10390,Motorcycles,102,S32_4485
10403,Motorcycles,102,S32_4485
10106,Vintage Cars,43,S50_1341
10120,Vintage Cars,43,S50_1341
10133,Vintage Cars,43,S50_1341
10143,Vintage Cars,43,S50_1341
10156,Vintage Cars,43,S50_1341
10168,Vintage Cars,43,S50_1341
10199,Vintage Cars,43,S50_1341
10210,Vintage Cars,43,S50_1341
10223,Vintage Cars,43,S50_1341
10235,Vintage Cars,43,S50_1341
10250,Vintage Cars,43,S50_1341
10262,Vintage Cars,43,S50_1341
10275,Vintage Cars,43,S50_1341
10284,Vintage Cars,43,S50_1341
10296,Vintage Cars,43,S50_1341
10308,Vintage Cars,43,S50_1341
10316,Vintage Cars,43,S50_1341
10328,Vintage Cars,43,S50_1341
10340,Vintage Cars,43,S50_1341
10353,Vintage Cars,43,S50_1341
10361,Vintage Cars,43,S50_1341
10375,Vintage Cars,43,S50_1341
10388,Vintage Cars,43,S50_1341
10398,Vintage Cars,43,S50_1341
10401,Vintage Cars,43,S50_1341
10416,Vintage Cars,43,S50_1341
10104,Trucks and Buses,115,S50_1392
10115,Trucks and Buses,115,S50_1392
10127,Trucks and Buses,115,S50_1392
10141,Trucks and Buses,115,S50_1392
10151,Trucks and Buses,115,S50_1392
10165,Trucks and Buses,115,S50_1392
10176,Trucks and Buses,115,S50_1392
10184,Trucks and Buses,115,S50_1392
10195,Trucks and Buses,115,S50_1392
10207,Trucks and Buses,115,S50_1392
10220,Trucks and Buses,115,S50_1392
10230,Trucks and Buses,115,S50_1392
10246,Trucks and Buses,115,S50_1392
10259,Trucks and Buses,115,S50_1392
10271,Trucks and Buses,115,S50_1392
10282,Trucks and Buses,115,S50_1392
10292,Trucks and Buses,115,S50_1392
10305,Trucks and Buses,115,S50_1392
10314,Trucks and Buses,115,S50_1392
10325,Trucks and Buses,115,S50_1392
10336,Trucks and Buses,115,S50_1392
10350,Trucks and Buses,115,S50_1392
10359,Trucks and Buses,115,S50_1392
10371,Trucks and Buses,115,S50_1392
10383,Trucks and Buses,115,S50_1392
10395,Trucks and Buses,115,S50_1392
10412,Trucks and Buses,115,S50_1392
10425,Trucks and Buses,115,S50_1392
10104,Trains,58,S50_1514
10117,Trains,58,S50_1514
10127,Trains,58,S50_1514
10142,Trains,58,S50_1514
10153,Trains,58,S50_1514
10165,Trains,58,S50_1514
10176,Trains,58,S50_1514
10185,Trains,58,S50_1514
10196,Trains,58,S50_1514
10208,Trains,58,S50_1514
10220,Trains,58,S50_1514
10230,Trains,58,S50_1514
10247,Trains,58,S50_1514
10272,Trains,58,S50_1514
10282,Trains,58,S50_1514
10292,Trains,58,S50_1514
10306,Trains,58,S50_1514
10314,Trains,58,S50_1514
10325,Trains,58,S50_1514
10337,Trains,58,S50_1514
10350,Trains,58,S50_1514
10359,Trains,58,S50_1514
10372,Trains,58,S50_1514
10383,Trains,58,S50_1514
10395,Trains,58,S50_1514
10413,Trains,58,S50_1514
10108,Motorcycles,81,S50_4713
10121,Motorcycles,81,S50_4713
10135,Motorcycles,81,S50_4713
10145,Motorcycles,81,S50_4713
10159,Motorcycles,81,S50_4713
10169,Motorcycles,81,S50_4713
10180,Motorcycles,81,S50_4713
10190,Motorcycles,81,S50_4713
10211,Motorcycles,81,S50_4713
10224,Motorcycles,81,S50_4713
10237,Motorcycles,81,S50_4713
10252,Motorcycles,81,S50_4713
10264,Motorcycles,81,S50_4713
10276,Motorcycles,81,S50_4713
10285,Motorcycles,81,S50_4713
10299,Motorcycles,81,S50_4713
10309,Motorcycles,81,S50_4713
10319,Motorcycles,81,S50_4713
10331,Motorcycles,81,S50_4713
10341,Motorcycles,81,S50_4713
10356,Motorcycles,81,S50_4713
10365,Motorcycles,81,S50_4713
10375,Motorcycles,81,S50_4713
10390,Motorcycles,81,S50_4713
10403,Motorcycles,81,S50_4713
10105,Ships,66,S700_1138
10119,Ships,66,S700_1138
10129,Ships,66,S700_1138
10142,Ships,66,S700_1138
10153,Ships,66,S700_1138
10167,Ships,66,S700_1138
10177,Ships,66,S700_1138
10185,Ships,66,S700_1138
10197,Ships,66,S700_1138
10208,Ships,66,S700_1138
10222,Ships,66,S700_1138
10233,Ships,66,S700_1138
10248,Ships,66,S700_1138
10261,Ships,66,S700_1138
10273,Ships,66,S700_1138
10283,Ships,66,S700_1138
10295,Ships,66,S700_1138
10306,Ships,66,S700_1138
10315,Ships,66,S700_1138
10326,Ships,66,S700_1138
10339,Ships,66,S700_1138
10350,Ships,66,S700_1138
10373,Ships,66,S700_1138
10385,Ships,66,S700_1138
10396,Ships,66,S700_1138
10414,Ships,66,S700_1138
10106,Planes,91,S700_1691
10120,Planes,91,S700_1691
10133,Planes,91,S700_1691
10143,Planes,91,S700_1691
10156,Planes,91,S700_1691
10168,Planes,91,S700_1691
10199,Planes,91,S700_1691
10210,Planes,91,S700_1691
10223,Planes,91,S700_1691
10235,Planes,91,S700_1691
10250,Planes,91,S700_1691
10262,Planes,91,S700_1691
10275,Planes,91,S700_1691
10284,Planes,91,S700_1691
10296,Planes,91,S700_1691
10308,Planes,91,S700_1691
10316,Planes,91,S700_1691
10328,Planes,91,S700_1691
10340,Planes,91,S700_1691
10353,Planes,91,S700_1691
10361,Planes,91,S700_1691
10375,Planes,91,S700_1691
10388,Planes,91,S700_1691
10398,Planes,91,S700_1691
10401,Planes,91,S700_1691
10416,Planes,91,S700_1691
10105,Ships,86,S700_1938
10117,Ships,86,S700_1938
10128,Ships,86,S700_1938
10142,Ships,86,S700_1938
10153,Ships,86,S700_1938
10166,Ships,86,S700_1938
10177,Ships,86,S700_1938
10185,Ships,86,S700_1938
10196,Ships,86,S700_1938
10208,Ships,86,S700_1938
10221,Ships,86,S700_1938
10232,Ships,86,S700_1938
10248,Ships,86,S700_1938
10273,Ships,86,S700_1938
10282,Ships,86,S700_1938
10293,Ships,86,S700_1938
10306,Ships,86,S700_1938
10314,Ships,86,S700_1938
10327,Ships,86,S700_1938
10337,Ships,86,S700_1938
10350,Ships,86,S700_1938
10372,Ships,86,S700_1938
10384,Ships,86,S700_1938
10397,Ships,86,S700_1938
10414,Ships,86,S700_1938
10106,Ships,90,S700_2047
10119,Ships,90,S700_2047
10131,Ships,90,S700_2047
10143,Ships,90,S700_2047
10155,Ships,90,S700_2047
10167,Ships,90,S700_2047
10178,Ships,90,S700_2047
10186,Ships,90,S700_2047
10197,Ships,90,S700_2047
10209,Ships,90,S700_2047
10222,Ships,90,S700_2047
10249,Ships,90,S700_2047
10262,Ships,90,S700_2047
10274,Ships,90,S700_2047
10283,Ships,90,S700_2047
10296,Ships,90,S700_2047
10307,Ships,90,S700_2047
10316,Ships,90,S700_2047
10328,Ships,90,S700_2047
10339,Ships,90,S700_2047
10352,Ships,90,S700_2047
10361,Ships,90,S700_2047
10373,Ships,90,S700_2047
10386,Ships,90,S700_2047
10398,Ships,90,S700_2047
10400,Ships,90,S700_2047
10415,Ships,90,S700_2047
10106,Planes,99,S700_2466
10120,Planes,99,S700_2466
10131,Planes,99,S700_2466
10143,Planes,99,S700_2466
10155,Planes,99,S700_2466
10168,Planes,99,S700_2466
10178,Planes,99,S700_2466
10198,Planes,99,S700_2466
10210,Planes,99,S700_2466
10222,Planes,99,S700_2466
10235,Planes,99,S700_2466
10250,Planes,99,S700_2466
10262,Planes,99,S700_2466
10275,Planes,99,S700_2466
10284,Planes,99,S700_2466
10296,Planes,99,S700_2466
10308,Planes,99,S700_2466
10316,Planes,99,S700_2466
10328,Planes,99,S700_2466
10340,Planes,99,S700_2466
10352,Planes,99,S700_2466
10361,Planes,99,S700_2466
10375,Planes,99,S700_2466
10386,Planes,99,S700_2466
10398,Planes,99,S700_2466
10401,Planes,99,S700_2466
10416,Planes,99,S700_2466
10105,Ships,72,S700_2610
10119,Ships,72,S700_2610
10129,Ships,72,S700_2610
10143,Ships,72,S700_2610
10154,Ships,72,S700_2610
10167,Ships,72,S700_2610
10177,Ships,72,S700_2610
10185,Ships,72,S700_2610
10197,Ships,72,S700_2610
10208,Ships,72,S700_2610
10222,Ships,72,S700_2610
10233,Ships,72,S700_2610
10248,Ships,72,S700_2610
10261,Ships,72,S700_2610
10273,Ships,72,S700_2610
10283,Ships,72,S700_2610
10295,Ships,72,S700_2610
10306,Ships,72,S700_2610
10316,Ships,72,S700_2610
10327,Ships,72,S700_2610
10339,Ships,72,S700_2610
10350,Ships,72,S700_2610
10373,Ships,72,S700_2610
10386,Ships,72,S700_2610
10397,Ships,72,S700_2610
10414,Ships,72,S700_2610
10103,Classic Cars,101,S700_2824
10114,Classic Cars,101,S700_2824
10126,Classic Cars,101,S700_2824
10140,Classic Cars,101,S700_2824
10150,Classic Cars,101,S700_2824
10164,Classic Cars,101,S700_2824
10175,Classic Cars,101,S700_2824
10183,Classic Cars,101,S700_2824
10194,Classic Cars,101,S700_2824
10206,Classic Cars,101,S700_2824
10217,Classic Cars,101,S700_2824
10229,Classic Cars,101,S700_2824
10245,Classic Cars,101,S700_2824
10258,Classic Cars,101,S700_2824
10270,Classic Cars,101,S700_2824
10281,Classic Cars,101,S700_2824
10291,Classic Cars,101,S700_2824
10304,Classic Cars,101,S700_2824
10313,Classic Cars,101,S700_2824
10324,Classic Cars,101,S700_2824
10336,Classic Cars,101,S700_2824
10348,Classic Cars,101,S700_2824
10358,Classic Cars,101,S700_2824
10371,Classic Cars,101,S700_2824
10382,Classic Cars,101,S700_2824
10411,Classic Cars,101,S700_2824
10424,Classic Cars,101,S700_2824
10106,Planes,118,S700_2834
10120,Planes,118,S700_2834
10133,Planes,118,S700_2834
10145,Planes,118,S700_2834
10168,Planes,118,S700_2834
10188,Planes,118,S700_2834
10210,Planes,118,S700_2834
10223,Planes,118,S700_2834
10235,Planes,118,S700_2834
10250,Planes,118,S700_2834
10263,Planes,118,S700_2834
10275,Planes,118,S700_2834
10285,Planes,118,S700_2834
10297,Planes,118,S700_2834
10308,Planes,118,S700_2834
10318,Planes,118,S700_2834
10328,Planes,118,S700_2834
10340,Planes,118,S700_2834
10353,Planes,118,S700_2834
10361,Planes,118,S700_2834
10375,Planes,118,S700_2834
10388,Planes,118,S700_2834
10398,Planes,118,S700_2834
10401,Planes,118,S700_2834
10416,Planes,118,S700_2834
10106,Planes,80,S700_3167
10120,Planes,80,S700_3167
10143,Planes,80,S700_3167
10155,Planes,80,S700_3167
10168,Planes,80,S700_3167
10199,Planes,80,S700_3167
10210,Planes,80,S700_3167
10223,Planes,80,S700_3167
10235,Planes,80,S700_3167
10250,Planes,80,S700_3167
10262,Planes,80,S700_3167
10275,Planes,80,S700_3167
10284,Planes,80,S700_3167
10296,Planes,80,S700_3167
10308,Planes,80,S700_3167
10316,Planes,80,S700_3167
10328,Planes,80,S700_3167
10341,Planes,80,S700_3167
10353,Planes,80,S700_3167
10361,Planes,80,S700_3167
10375,Planes,80,S700_3167
10386,Planes,80,S700_3167
10398,Planes,80,S700_3167
10401,Planes,80,S700_3167
10416,Planes,80,S700_3167
10105,Ships,100,S700_3505
10118,Ships,100,S700_3505
10129,Ships,100,S700_3505
10142,Ships,100,S700_3505
10153,Ships,100,S700_3505
10167,Ships,100,S700_3505
10177,Ships,100,S700_3505
10185,Ships,100,S700_3505
10197,Ships,100,S700_3505
10208,Ships,100,S700_3505
10222,Ships,100,S700_3505
10232,Ships,100,S700_3505
10248,Ships,100,S700_3505
10261,Ships,100,S700_3505
10273,Ships,100,S700_3505
10283,Ships,100,S700_3505
10295,Ships,100,S700_3505
10306,Ships,100,S700_3505
10315,Ships,100,S700_3505
10327,Ships,100,S700_3505
10337,Ships,100,S700_3505
10350,Ships,100,S700_3505
10373,Ships,100,S700_3505
10386,Ships,100,S700_3505
10397,Ships,100,S700_3505
10414,Ships,100,S700_3505
10105,Ships,99,S700_3962
10117,Ships,99,S700_3962
10129,Ships,99,S700_3962
10142,Ships,99,S700_3962
10153,Ships,99,S700_3962
10167,Ships,99,S700_3962
10177,Ships,99,S700_3962
10185,Ships,99,S700_3962
10197,Ships,99,S700_3962
10208,Ships,99,S700_3962
10222,Ships,99,S700_3962
10232,Ships,99,S700_3962
10248,Ships,99,S700_3962
10261,Ships,99,S700_3962
10273,Ships,99,S700_3962
10283,Ships,99,S700_3962
10294,Ships,99,S700_3962
10306,Ships,99,S700_3962
10315,Ships,99,S700_3962
10327,Ships,99,S700_3962
10337,Ships,99,S700_3962
10350,Ships,99,S700_3962
10373,Ships,99,S700_3962
10386,Ships,99,S700_3962
10397,Ships,99,S700_3962
10414,Ships,99,S700_3962
10106,Planes,74,S700_4002
10119,Planes,74,S700_4002
10131,Planes,74,S700_4002
10143,Planes,74,S700_4002
10155,Planes,74,S700_4002
10168,Planes,74,S700_4002
10178,Planes,74,S700_4002
10198,Planes,74,S700_4002
10210,Planes,74,S700_4002
10222,Planes,74,S700_4002
10235,Planes,74,S700_4002
10250,Planes,74,S700_4002
10262,Planes,74,S700_4002
10275,Planes,74,S700_4002
10284,Planes,74,S700_4002
10296,Planes,74,S700_4002
10308,Planes,74,S700_4002
10316,Planes,74,S700_4002
10328,Planes,74,S700_4002
10339,Planes,74,S700_4002
10352,Planes,74,S700_4002
10361,Planes,74,S700_4002
10373,Planes,74,S700_4002
10386,Planes,74,S700_4002
10398,Planes,74,S700_4002
10401,Planes,74,S700_4002
10416,Planes,74,S700_4002
10106,Planes,49,S72_1253
10119,Planes,49,S72_1253
10131,Planes,49,S72_1253
10143,Planes,49,S72_1253
10155,Planes,49,S72_1253
10167,Planes,49,S72_1253
10178,Planes,49,S72_1253
10186,Planes,49,S72_1253
10197,Planes,49,S72_1253
10209,Planes,49,S72_1253
10222,Planes,49,S72_1253
10249,Planes,49,S72_1253
10262,Planes,49,S72_1253
10274,Planes,49,S72_1253
10283,Planes,49,S72_1253
10296,Planes,49,S72_1253
10307,Planes,49,S72_1253
10316,Planes,49,S72_1253
10329,Planes,49,S72_1253
10339,Planes,49,S72_1253
10352,Planes,49,S72_1253
10361,Planes,49,S72_1253
10373,Planes,49,S72_1253
10386,Planes,49,S72_1253
10398,Planes,49,S72_1253
10400,Planes,49,S72_1253
10415,Planes,49,S72_1253
10105,Ships,54,S72_3212
10117,Ships,54,S72_3212
10129,Ships,54,S72_3212
10142,Ships,54,S72_3212
10153,Ships,54,S72_3212
10167,Ships,54,S72_3212
10177,Ships,54,S72_3212
10185,Ships,54,S72_3212
10197,Ships,54,S72_3212
10208,Ships,54,S72_3212
10222,Ships,54,S72_3212
10232,Ships,54,S72_3212
10248,Ships,54,S72_3212
10261,Ships,54,S72_3212
10273,Ships,54,S72_3212
10283,Ships,54,S72_3212
10293,Ships,54,S72_3212
10306,Ships,54,S72_3212
10315,Ships,54,S72_3212
10327,Ships,54,S72_3212
10337,Ships,54,S72_3212
10350,Ships,54,S72_3212
10373,Ships,54,S72_3212
10386,Ships,54,S72_3212
10397,Ships,54,S72_3212
10414,Ships,54,S72_3212
